{"_id":"3mt8Lh1ebxO4Q0R2","files":[{"path":"package.json","type":"file","unique_id":"EO6RA0n2","selected":true,"icon":"file.svg","source":null,"selectedFile":null,"children":[]},{"path":"app.js","type":"file","unique_id":"ubdcnWsV","selected":true,"icon":"file.svg","source":null,"selectedFile":null,"children":[]},{"path":"index.js","type":"file","unique_id":"WO1dwBPT","selected":true,"icon":"file.svg","source":null,"selectedFile":null,"children":[]},{"path":"routes","type":"folder","unique_id":"TSqq6Bch","selected":true,"open":true,"icon":"folder-container.svg","children":[{"path":"{{ table.name | friendly | lower }}.routes.js","type":"file","unique_id":"v6T9Agw7","selected":true,"icon":"file.svg","source":null,"selectedFile":null,"children":[],"modelRelated":true,"subtype":"Aptugo"}],"selectedFile":null,"source":null},{"path":"sequelize","type":"folder","unique_id":"I9rn1Qlf","selected":true,"open":true,"icon":"folder-container.svg","children":[{"path":"index.js","type":"file","unique_id":"pgGOmEla","selected":true,"icon":"file.svg","source":null,"selectedFile":null,"children":[]},{"path":"models","type":"folder","unique_id":"3TWlv5tc","selected":true,"open":true,"icon":"folder-container.svg","children":[{"path":"{{ table.name | friendly | lower }}.model.js","type":"file","unique_id":"AyGc84A8","selected":true,"icon":"file.svg","modelRelated":true,"source":null,"selectedFile":null,"children":[],"subtype":"Aptugo"}],"selectedFile":null,"source":null}],"selectedFile":null,"source":null},{"path":"helpers.js","type":"file","unique_id":"gCAONsGM","selected":true,"icon":"file.svg","source":null,"selectedFile":null,"children":[]}],"name":"Steplix - Microservicio","desc":"Estructura de Microservicio creada para Steplix","fields":[{"label":"Autocomplete","value":"Autocomplete","dataType":"UUID","initialValue":"","options":null},{"label":"Boolean","value":"Boolean","dataType":"BOOLEAN","initialValue":"","options":null},{"label":"Date","value":"Date","dataType":"DATE","initialValue":"","options":null},{"label":"Dropdown","value":"Dropdown","dataType":"STRING","initialValue":"","options":null},{"label":"Number","value":"Number","dataType":"INTEGER","initialValue":"null","options":null},{"label":"String","value":"String","dataType":"STRING","initialValue":"''","options":null}],"templateCommandsAfter":"pnpm install"}