{"_id":"5e7f681182eb69b8d2751e98","name":"autocreatepages","initScript":"return Application","post_initScript":"console.log('post', Application)\nreturn Application","code":"const newPage = {\n\t\"asociated_table\": Parameters.unique_id,\n\t\"name\": `() => aptugo.store.getState().application.tables.find(table => table.unique_id === \"${Parameters.unique_id}\").name`,\n\t\"type\": \"page\",\n\t\"children\": [{\n\t\t\"name\": \"Before Page Render\",\n\t\t\"type\": \"element\",\n\t\t\"value\": \"bpr\",\n\t\t\"prevent_delete\": true,\n\t\t\"cascades\": false,\n\t\t\"children\": [],\n\t\t\"collapseStatus\": \"collapse\"\n\t}, {\n\t\t\"name\": \"Page Header\",\n\t\t\"type\": \"element\",\n\t\t\"value\": \"ph\",\n\t\t\"prevent_delete\": true,\n\t\t\"children\": [],\n\t\t\"cascades\": false,\n\t\t\"collapseStatus\": \"collapse\"\n\t}, {\n\t\t\"name\": \"Body\",\n\t\t\"type\": \"element\",\n\t\t\"value\": \"b\",\n\t\t\"prevent_delete\": true,\n\t\t\"cascades\": false,\n\t\t\"children\": [{\n\t\"name\": \"div\",\n\t\"prevent_delete\": false,\n\t\"cascades\": false,\n\t\"children\": [{\n\t\t\"name\": \"Table Area\",\n\t\t\"prevent_delete\": false,\n\t\t\"cascades\": false,\n\t\t\"children\": [{\n\t\t\t\"name\": \"Head\",\n\t\t\t\"prevent_delete\": false,\n\t\t\t\"cascades\": false,\n\t\t\t\"children\": [{\n\t\t\t\t\"name\": \"dialog\",\n\t\t\t\t\"prevent_delete\": false,\n\t\t\t\t\"cascades\": false,\n\t\t\t\t\"children\": [],\n\t\t\t\t\"type\": \"element\",\n\t\t\t\t\"value\": \"dialog\",\n\t\t\t\t\"collapseStatus\": \"expand\",\n\t\t\t\t\"values\": {\n\t\t\t\t\t\"addProcedure\": \"Internal\",\n\t\t\t\t\t\t\"title\": `() => { return \"Add \" + aptugo.store.getState().application.tables.find(table => table.unique_id === \"${Parameters.unique_id}\").singleName }`,\n\t\t\t\t\t\t\"introText\": `() => { return \"Enter \" + aptugo.store.getState().application.tables.find(table => table.unique_id === \"${Parameters.unique_id}\").singleName + \" data\" }`,\n\t\t\t\t\t\t\"color\": \"danger\",\n\t\t\t\t\t\t\"table\": Parameters.unique_id,\n\t\t\t\t\t\t\"button\": \"Add\",\n\t\t\t\t\t\t\"editButton\": \"Edit\",\n\t\t\t\t\t\t\"editTitle\": `() => { return \"Edit \" + aptugo.store.getState().application.tables.find(table => table.unique_id === \"${Parameters.unique_id}\").singleName }`,\n\t\t\t\t\t\t\"editIntroText\": `() => { return \"Update \" + aptugo.store.getState().application.tables.find(table => table.unique_id === \"${Parameters.unique_id}\").singleName + \" data\" }`,\n\t\t\t\t}\n\t\t\t}, {\n\t\t\t\t\"name\": \"typography\",\n\t\t\t\t\"prevent_delete\": false,\n\t\t\t\t\"cascades\": false,\n\t\t\t\t\"children\": [{\n\t\t\t\t\t\"name\": \"text\",\n\t\t\t\t\t\"prevent_delete\": false,\n\t\t\t\t\t\"cascades\": false,\n\t\t\t\t\t\"children\": [],\n\t\t\t\t\t\"type\": \"element\",\n\t\t\t\t\t\"value\": \"text\",\n\t\t\t\t\t\"collapseStatus\": \"expand\",\n\t\t\t\t\t\"values\": {\n\t\t\t\t\t\t\"Content\": `() => { return aptugo.store.getState().application.tables.find(table => table.unique_id === \"${Parameters.unique_id}\").singleName + \" list\" }`,\n\t\t\t\t\t}\n\t\t\t\t}],\n\t\t\t\t\"type\": \"element\",\n\t\t\t\t\"value\": \"typography\",\n\t\t\t\t\"collapseStatus\": \"expand\",\n\t\t\t\t\"values\": {\n\t\t\t\t\t\"tag\": \"h4\"\n\t\t\t\t}\n\t\t\t}],\n\t\t\t\"type\": \"element\",\n\t\t\t\"value\": \"div\",\n\t\t\t\"collapseStatus\": \"expand\",\n\t\t\t\"values\": {\n\t\t\t\t\"class\": \"classes.tableHeading\"\n\t\t\t}\n\t\t}, {\n\t\t\t\"name\": \"Body\",\n\t\t\t\"prevent_delete\": false,\n\t\t\t\"cascades\": false,\n\t\t\t\"children\": [{\n\t\t\t\t\"name\": \"table\",\n\t\t\t\t\"prevent_delete\": false,\n\t\t\t\t\"cascades\": false,\n\t\t\t\t\"children\": [],\n\t\t\t\t\"type\": \"element\",\n\t\t\t\t\"value\": \"table\",\n\t\t\t\t\"collapseStatus\": \"expand\",\n\t\t\t\t\"values\": {\n\t\t\t\t\t\"table\": Parameters.unique_id,\n\t\t\t\t\t\"addProcedure\": \"Internal\",\n\t\t\t\t\t\"title\": \"Table Title\",\n\t\t\t\t\t\"headerColor\": \"rose\"\n\t\t\t\t}\n\t\t\t}],\n\t\t\t\"type\": \"element\",\n\t\t\t\"value\": \"div\",\n\t\t\t\"collapseStatus\": \"expand\"\n\t\t}],\n\t\t\"type\": \"element\",\n\t\t\"value\": \"div\",\n\t\t\"collapseStatus\": \"collapse\",\n\t\t\"values\": {\n\t\t\t\"class\": \"classes.tableResponsive\"\n\t\t}\n\t}],\n\t\"type\": \"element\",\n\t\"value\": \"div\",\n\t\"collapseStatus\": \"expand\",\n\t\"values\": {\n\t\t\"class\": \"sidebarOpen ? classes.withSidebarOpen : classes.withSidebarClosed\"\n\t}\n}],\n\t\t\"collapseStatus\": \"expand\"\n\t}, {\n\t\t\"name\": \"Page Footer\",\n\t\t\"type\": \"element\",\n\t\t\"value\": \"pf\",\n\t\t\"prevent_delete\": true,\n\t\t\"cascades\": false,\n\t\t\"children\": [],\n\t\t\"collapseStatus\": \"expand\"\n\t}, {\n\t\t\"name\": \"After Page Render\",\n\t\t\"type\": \"element\",\n\t\t\"value\": \"apr\",\n\t\t\"prevent_delete\": true,\n\t\t\"cascades\": false,\n\t\t\"children\": [],\n\t\t\"collapseStatus\": \"collapse\"\n\t}],\n\t\"path\": `() => '/' + aptugo.store.getState().application.tables.find(table => table.unique_id === \"${Parameters.unique_id}\").name`,\n\t\"parent\": Application.pages[0].unique_id,\n\t\"collapseStatus\": \"collapse\",\n\t\"filename\": `() => aptugo.store.getState().application.tables.find(table => table.unique_id === \"${Parameters.unique_id}\").name + '.tsx'`\n}\n\nApplication.pages[0].children.push(newPage)\nreturn Application","Created_date":{"$date":"2020-03-28T15:06:57.286Z"},"__v":0,"type":"structure"}