{
  "label": "Autocomplete",
  "value": "Autocomplete",
  "dataType": "mongoose.Schema.Types.ObjectId",
  "initialValue": "",
  "options": {
    "extra": [
      {
        "display": "From",
        "value": "reference",
        "type": "select",
        "options": "aptugo.tableUtils.getAllFields().map(field => { return { label: field[1], value: field[0] } })"
      },
      {
        "display": "ReferencedKey",
        "value": "referencekey",
        "type": "select",
        "options": "[{ label: 'Standard Key', value: '_id' }, ...aptugo.tableUtils.getAllFields().map(field => { return { label: field[1], value: field[0] } })]"
      }
    ]
  }
}