{"type":"structure","parameters":"","afterRun":"","_id":"5e7f65b282eb69b8d2751e97","name":"New Table","initScript":"Parameters.unique_id = aptugo.generateID()\nconst newTable = {\n\ttype: 'table',\n    unique_id: Parameters.unique_id,\n\tname: 'Untitled',\n    singleName: 'required',\n\tsubtype: 'Aptugo',\n\tchildren: [],\n\tfields: [\n\t\t{\n\t\t\tCHARACTER_MAXIMUM_LENGTH: \"11\",\n\t\t\tcolumn_name: \"ID\",\n\t\t\tdata_type: \"Integer\",\n\t\t\tkey: \"Auto Number\"\n\t\t}\n\t]\n}\n\nif (!Application.tables) Application.tables = []\nApplication.tables.push(newTable)\n\nreturn Application","post_initScript":"aptugo.structures.run('autocreatepages', { unique_id: Parameters.unique_id } )\nreturn Application","code":"return Application","Created_date":"2020-03-28T14:56:50.076Z","__v":0}