{"files":[{"path":"package.json","unique_id":"SitBkknS","selected":true,"icon":"json.svg","source":null,"sourceType":"json","selectedFile":null,"children":[],"open":true},{"path":"tsconfig.json","type":"file","unique_id":"OF6JamkB","selected":true,"icon":"json.svg","source":null,"sourceType":"json","selectedFile":null,"children":[],"open":true},{"path":"back-end","type":"folder","unique_id":"le23qtmv","selected":false,"open":false,"icon":"folder-src.svg","children":[{"path":"index.js","type":"file","unique_id":"UkXBqfSH","selected":true,"icon":"nodejs.svg","source":null,"sourceType":"javascript","selectedFile":null,"children":[],"open":true},{"path":"app","type":"folder","unique_id":"lwInZlAZ","selected":false,"open":true,"icon":"folder-server.svg","children":[{"path":"controllers","type":"folder","unique_id":"1yf19tMG","selected":false,"open":true,"icon":"folder-container.svg","children":[{"path":"{{ table.name | friendly | lower }}.controller.js","type":"file","unique_id":"gSp3dULo","selected":true,"icon":"file.svg","modelRelated":true,"source":null,"sourceType":"javascript","selectedFile":null,"subtype":"Aptugo","children":[]}],"selectedFile":null,"source":null},{"path":"models","type":"folder","unique_id":"Rb2rqayy","selected":false,"open":true,"icon":"folder-container.svg","children":[{"path":"{{ table.name | friendly | lower }}.model.js","type":"file","unique_id":"fnd3TqFu","selected":true,"icon":"file.svg","modelRelated":true,"source":null,"selectedFile":null,"sourceType":"javascript","subtype":"Aptugo","children":[]}],"selectedFile":null,"source":null},{"path":"routes","type":"folder","unique_id":"OZKEwf2T","selected":false,"open":true,"icon":"folder-routes.svg","children":[{"path":"{{ table.name | friendly | lower }}.routes.js","type":"file","unique_id":"uPKnInsn","selected":true,"icon":"file.svg","modelRelated":true,"source":null,"selectedFile":null,"sourceType":"javascript","subtype":"Aptugo","children":[]},{"path":"{{ table.name | friendly | lower }}.routes.js","type":"file","unique_id":"qLpvzgbk","selected":true,"icon":"file.svg","modelRelated":true,"subtype":"Api","source":null,"sourceType":"javascript","selectedFile":null,"settings":[{"name":"Packages","value":"\"node-hash\": \"latest\","}],"children":[]},{"path":"apiRoutes.js","type":"file","unique_id":"ME02rdGu","selected":true,"icon":"file.svg","source":null,"selectedFile":null,"sourceType":"javascript","children":[]}],"selectedFile":null,"source":null},{"path":"services","type":"folder","unique_id":"IZknGQrI","selected":false,"open":true,"icon":"folder-container.svg","children":[{"path":"users.service.js","type":"file","unique_id":"Q9WHbfPF","selected":false,"icon":"javascript.svg","source":null,"selectedFile":null,"children":[]},{"path":"memCache.service.js","type":"file","unique_id":"DAoiG9Km","selected":true,"icon":"file.svg","source":null,"children":[],"selectedFile":null}],"selectedFile":null,"source":null},{"path":"paginate.js","type":"file","unique_id":"8wbuVqbO","selected":true,"icon":"file.svg","source":null,"selectedFile":null,"children":[]}],"selectedFile":null,"source":null},{"path":"config","type":"folder","unique_id":"I6srqg3I","selected":false,"open":true,"icon":"folder-config.svg","children":[{"path":"database.config.js","type":"file","unique_id":"ZSbspt34","selected":false,"icon":"settings.svg","source":null,"sourceType":"javascript","selectedFile":null,"children":[]}],"selectedFile":null,"source":null},{"path":"package.json","type":"file","unique_id":"re8KrTeI","selected":false,"icon":"json.svg","source":null,"sourceType":"json","selectedFile":null,"children":[]},{"path":"app.js","type":"file","unique_id":"GT95fGOW","selected":false,"icon":"nodejs.svg","source":null,"sourceType":"javascript","selectedFile":null,"children":[]}],"selectedFile":null,"source":null},{"path":"front-end","type":"folder","unique_id":"OFET4qV2","selected":false,"open":false,"icon":"folder-src.svg","children":[{"path":"index.tsx","type":"file","unique_id":"7esJ3cTg","selected":true,"icon":"typescript.svg","source":null,"sourceType":"typescript","selectedFile":null,"children":[]},{"path":"App.tsx","type":"file","unique_id":"U8z7VU93","selected":false,"icon":"typescript.svg","source":null,"sourceType":"typescript","selectedFile":null,"children":[]},{"path":"Pages","type":"folder","unique_id":"QBmfcB9e","selected":false,"open":true,"icon":"folder-container.svg","placeholder":true,"children":[{"path":"layout.module.scss","type":"file","unique_id":"pMEMxfFD","selected":false,"icon":"sass.svg","source":null,"sourceType":"Less","selectedFile":null,"children":[]},{"path":"whatsapp.module.scss","type":"file","unique_id":"0hV9cL6l","selected":false,"icon":"sass.svg","source":null,"selectedFile":null,"sourceType":"Less","children":[]},{"path":"fantasyx.module.scss","type":"file","unique_id":"3LHKNqnx","selected":true,"icon":"sass.svg","source":null,"selectedFile":null,"sourceType":"Less","children":[]},{"path":"crm.module.scss","type":"file","unique_id":"UVWQMN0g","selected":false,"icon":"sass.svg","source":null,"selectedFile":null,"sourceType":"Less","children":[]},{"path":"website.module.scss","type":"file","unique_id":"J8e2ACps","selected":true,"icon":"sass.svg","source":null,"selectedFile":null,"children":[]}],"selectedFile":null,"source":null},{"path":"store","type":"folder","unique_id":"gxrD4blO","selected":false,"open":true,"icon":"folder-redux-store.svg","children":[{"path":"store.tsx","type":"file","unique_id":"WxpTVo90","selected":true,"icon":"redux-store.svg","source":null,"selectedFile":null,"sourceType":"typescript","children":[]},{"path":"reducers","type":"folder","unique_id":"ckKmpQxv","selected":false,"open":true,"icon":"folder-redux-reducer.svg","children":[{"path":"index.tsx","type":"file","unique_id":"1dIeHsnz","selected":false,"icon":"typescript.svg","source":null,"sourceType":"typescript","selectedFile":null,"children":[]},{"path":"{{ table.name | friendly | lower }}Reducer.tsx","type":"file","unique_id":"pXgklaCO","selected":true,"icon":"redux-reducer.svg","source":null,"modelRelated":true,"sourceType":"typescript","selectedFile":null,"subtype":"Any","children":[]}],"selectedFile":null,"source":null},{"path":"actions","type":"folder","unique_id":"2eFe3CE3","selected":false,"open":true,"icon":"folder-redux-actions.svg","children":[{"path":"{{ table.name | friendly | lower }}Actions.tsx","type":"file","unique_id":"UTGQ0azc","selected":true,"icon":"redux-action.svg","source":null,"modelRelated":true,"sourceType":"typescript","selectedFile":null,"subtype":"Any","children":[]}],"selectedFile":null,"source":null},{"path":"epics","type":"folder","unique_id":"dSzJU0O2","selected":false,"open":true,"icon":"folder-ngrx-entities.svg","children":[{"path":"index.tsx","type":"file","unique_id":"rFWMx2dV","selected":false,"icon":"typescript.svg","source":null,"sourceType":"typescript","selectedFile":null,"children":[]},{"path":"{{ table.name | friendly | lower }}Epics.tsx","type":"file","unique_id":"4of68M4F","selected":true,"icon":"file.svg","sourceType":"typescript","source":null,"modelRelated":true,"selectedFile":null,"subtype":"Any","children":[]}],"selectedFile":null,"source":null},{"path":"models.tsx","type":"file","unique_id":"oDzcx9Ky","selected":false,"icon":"typescript.svg","source":null,"sourceType":"javascript","selectedFile":null,"children":[]}],"selectedFile":null,"source":null},{"path":"components","type":"folder","unique_id":"tEHeHAlH","selected":false,"open":true,"icon":"folder-react-components.svg","children":[{"path":"Sidebar","type":"folder","unique_id":"AfCb78sb","selected":false,"open":true,"icon":"folder-container.svg","children":[{"path":"Sidebar.tsx","type":"file","unique_id":"mInmNNvT","selected":false,"icon":"typescript.svg","source":null,"sourceType":"typescript","selectedFile":null,"options":[{"name":"color","display":"Color Schema","type":"dropdown","options":"Red;Blue;Black"}],"children":[]},{"path":"sidebar.module.scss","type":"file","unique_id":"tdeNtfll","selected":false,"icon":"sass.svg","sourceType":"Less","source":null,"selectedFile":null,"children":[]}],"selectedFile":null,"source":null},{"path":"Dialog","type":"folder","unique_id":"RGOQxnpK","selected":false,"open":true,"icon":"folder-container.svg","children":[{"path":"Dialog.tsx","type":"file","unique_id":"cyz9ED9U","selected":false,"icon":"file.svg","source":null,"sourceType":"typescript","selectedFile":null,"children":[]},{"path":"index.tsx","type":"file","unique_id":"q3LpTFwU","selected":false,"icon":"file.svg","source":null,"selectedFile":null,"sourceType":"typescript","children":[]}],"selectedFile":null,"source":null},{"path":"Table","type":"folder","unique_id":"L8U9GcQX","selected":false,"open":true,"icon":"folder-container.svg","children":[{"path":"Table.tsx","type":"file","unique_id":"cFXF9Jms","selected":false,"icon":"typescript.svg","source":null,"sourceType":"typescript","selectedFile":null,"children":[]},{"path":"Field.tsx","type":"file","unique_id":"PA55kCUp","selected":false,"icon":"file.svg","source":null,"sourceType":"typescript","selectedFile":null,"children":[]},{"path":"table.module.scss","type":"file","unique_id":"1wgO2UsA","selected":false,"icon":"sass.svg","sourceType":"Less","source":null,"selectedFile":null,"children":[]}],"selectedFile":null,"source":null},{"path":"FileUpload","type":"folder","unique_id":"FZpwHKFR","selected":false,"open":true,"icon":"folder-components.svg","children":[{"path":"FileUpload.tsx","type":"file","unique_id":"F24NS2rH","selected":false,"icon":"typescript.svg","source":null,"sourceType":"typescript","selectedFile":null,"children":[]},{"path":"index.tsx","type":"file","unique_id":"QXVX4wux","selected":false,"icon":"typescript.svg","source":null,"selectedFile":null,"sourceType":"typescript","children":[]}],"selectedFile":null,"source":null},{"path":"TopMenu","type":"folder","unique_id":"cUberEuM","selected":false,"open":true,"icon":"folder-components.svg","children":[{"path":"index.tsx","type":"file","unique_id":"k4LTkyz4","selected":false,"icon":"typescript.svg","source":null,"sourceType":"typescript","selectedFile":null,"children":[]},{"path":"TopMenu.tsx","type":"file","unique_id":"M9zINIIS","selected":false,"icon":"typescript.svg","source":null,"sourceType":"typescript","selectedFile":null,"children":[]}],"selectedFile":null,"source":null},{"path":"Carousel","type":"folder","unique_id":"cbVEFTTJ","selected":false,"open":true,"icon":"folder-components.svg","children":[{"path":"Carousel.tsx","type":"file","unique_id":"sBI3GK1O","selected":false,"icon":"javascript.svg","source":null,"sourceType":"typescript","selectedFile":null,"children":[]}],"selectedFile":null,"source":null},{"path":"Autocomplete","type":"folder","unique_id":"0gtkTuHp","selected":false,"open":true,"icon":"folder-components.svg","children":[{"path":"index.tsx","type":"file","unique_id":"TDpi5naC","selected":false,"icon":"typescript.svg","source":null,"selectedFile":null,"sourceType":"typescript","children":[]},{"path":"Autocomplete.tsx","type":"file","unique_id":"1Ds72TH0","selected":false,"icon":"typescript.svg","source":null,"selectedFile":null,"sourceType":"typescript","children":[]}],"selectedFile":null,"source":null},{"path":"Geo","type":"folder","unique_id":"UJZ0iTJ9","selected":false,"open":true,"icon":"folder-components.svg","children":[{"path":"features.json","type":"file","unique_id":"w0vm6dGo","selected":false,"icon":"json.svg","source":null,"selectedFile":null,"children":[]}],"selectedFile":null,"source":null},{"path":"LeafLet","type":"folder","unique_id":"dI5TaBkv","selected":true,"open":true,"icon":"folder-container.svg","children":[{"path":"index.tsx","type":"file","unique_id":"OKJmnmKL","selected":true,"icon":"file.svg","source":null,"selectedFile":null,"children":[]},{"path":"LeafLet.tsx","type":"file","unique_id":"dJEp18lT","selected":true,"icon":"file.svg","source":null,"settings":[{"name":"Packages","value":"\"react-leaflet\": \"latest\",\n\"leaftlet\": \"latest,"}],"selectedFile":null,"children":[]},{"path":"leaflet.module.scss","type":"file","unique_id":"2vT93zCA","selected":true,"icon":"sass.svg","source":null,"selectedFile":null,"children":[]},{"path":"Marker.tsx","type":"file","unique_id":"Zs1baGkN","selected":true,"icon":"file.svg","source":null,"selectedFile":null,"children":[]}],"selectedFile":null,"source":null},{"path":"ScrollToTop","type":"folder","unique_id":"JsMomvk2","selected":true,"open":true,"icon":"folder-container.svg","children":[{"path":"index.tsx","type":"file","unique_id":"Kisc9Gxw","selected":true,"icon":"file.svg","source":null,"selectedFile":null,"children":[]}],"selectedFile":null,"source":null},{"path":"Pagination","type":"folder","unique_id":"uiRIfea1","selected":true,"open":true,"icon":"folder-container.svg","children":[{"path":"index.tsx","type":"file","unique_id":"WceHTyps","selected":true,"icon":"file.svg","children":[],"source":null,"selectedFile":null},{"path":"pagination.module.scss","type":"file","unique_id":"OX7GAOrI","selected":true,"icon":"file.svg","source":null,"children":[],"selectedFile":null},{"path":"pagination.tsx","type":"file","unique_id":"UgJmibXm","selected":true,"icon":"file.svg","source":null,"children":[],"selectedFile":null}],"selectedFile":null,"source":null}],"selectedFile":null,"source":null},{"path":"react-app-env.d.ts","type":"file","unique_id":"ehoGmv30","selected":true,"icon":"react_ts.svg","source":null,"sourceType":"javascript","selectedFile":null,"children":[]},{"path":"services","type":"folder","unique_id":"M6EaLPTV","selected":false,"open":true,"icon":"folder-serverless.svg","children":[{"path":"auth-header.tsx","type":"file","unique_id":"KFTaJSVS","selected":false,"icon":"typescript.svg","source":null,"sourceType":"typescript","selectedFile":null,"children":[]},{"path":"auth.service.tsx","type":"file","unique_id":"6IDpU98t","selected":false,"icon":"typescript.svg","source":null,"sourceType":"typescript","selectedFile":null,"children":[]},{"path":"user.service.tsx","type":"file","unique_id":"1NCL0Wo3","selected":false,"icon":"file.svg","source":null,"sourceType":"typescript","selectedFile":null,"children":[]},{"path":"utils.tsx","type":"file","unique_id":"tfc7bOfi","selected":false,"icon":"typescript.svg","source":null,"selectedFile":null,"children":[]}],"selectedFile":null,"source":null},{"path":"serviceWorker.tsx","type":"file","unique_id":"t5KqPTQS","selected":true,"icon":"typescript.svg","source":null,"selectedFile":null,"children":[]}],"selectedFile":null,"source":null},{"path":"config","type":"folder","unique_id":"bT8XRHUw","selected":false,"open":false,"icon":"folder-webpack.svg","children":[{"path":"addons","type":"folder","unique_id":"Jq5tg0m7","selected":false,"open":true,"icon":"folder-webpack.svg","children":[{"path":"webpack.bundleanalyze.js","type":"file","unique_id":"4TaxDutQ","selected":false,"icon":"webpack.svg","source":null,"sourceType":"javascript","selectedFile":null,"children":[]},{"path":"webpack.bundlevisualizer.js","type":"file","unique_id":"2orRus3A","selected":false,"icon":"webpack.svg","source":null,"sourceType":"javascript","selectedFile":null,"children":[]}],"selectedFile":null,"source":null},{"path":"webpack.common.js","type":"file","unique_id":"fRDWAgnv","selected":true,"icon":"webpack.svg","source":null,"sourceType":"javascript","selectedFile":null,"children":[]},{"path":"webpack.config.js","type":"file","unique_id":"T8yeiluX","selected":false,"icon":"webpack.svg","source":null,"sourceType":"javascript","selectedFile":null,"children":[]},{"path":"webpack.dev.js","type":"file","unique_id":"OVKE4J2u","selected":false,"icon":"webpack.svg","source":null,"sourceType":"javascript","selectedFile":null,"children":[]},{"path":"webpack.prod.js","type":"file","unique_id":"8AIaChgU","selected":true,"icon":"webpack.svg","source":null,"selectedFile":null,"children":[]},{"path":".env.development","type":"file","unique_id":"yZ3f8p4P","selected":false,"icon":"settings.svg","source":null,"sourceType":"javascript","selectedFile":null,"children":[]},{"path":".env.production","type":"file","unique_id":"r3wK43xT","selected":false,"icon":"settings.svg","source":null,"sourceType":"javascript","selectedFile":null,"children":[]}],"selectedFile":null,"source":null},{"path":"dist","type":"folder","unique_id":"9OP3x6XR","selected":false,"open":false,"icon":"folder-content.svg","children":[{"path":"index.html","type":"file","unique_id":"qRdl9Dhp","selected":true,"icon":"html.svg","source":null,"sourceType":"html","selectedFile":null,"children":[]},{"path":".htaccess","type":"file","unique_id":"Ayp85Z8M","selected":false,"icon":"file.svg","source":null,"selectedFile":null,"children":[]},{"path":"manifest.json","type":"file","unique_id":"X90cTJgA","selected":true,"icon":"file.svg","source":null,"selectedFile":null,"children":[]},{"path":"robots.txt","type":"file","unique_id":"v827xQqK","selected":true,"icon":"file.svg","source":null,"children":[],"selectedFile":null}],"selectedFile":null,"source":null},{"path":"elements","type":"folder","unique_id":"zDnPhqZA","selected":false,"open":true,"icon":"folder-generator.svg","children":[{"path":"Aptugo Internal Use","type":"folder","unique_id":"lRAwtRX5","selected":true,"open":false,"icon":"folder-container.svg","internalUse":true,"children":[{"path":"bpr.tpl","type":"file","unique_id":"9NRSTvDR","selected":false,"icon":"file.svg","source":null,"sourceType":"javascript","selectedFile":null,"internalUse":true,"children":[]},{"path":"ph.tpl","type":"file","unique_id":"orIuJEDP","selected":true,"icon":"file.svg","source":null,"sourceType":"javascript","selectedFile":null,"options":[{"name":"localStyles","display":"Local Styles","type":"text","options":""}],"internalUse":true,"children":[]},{"path":"b.tpl","type":"file","unique_id":"evkkxPDn","selected":true,"icon":"file.svg","source":null,"sourceType":"javascript","selectedFile":null,"internalUse":true,"children":[],"options":[{"name":"className","display":"ClassName","type":"text","options":""}]},{"path":"pf.tpl","type":"file","unique_id":"HkBByxNx","selected":true,"icon":"file.svg","sourceType":"javascript","selectedFile":null,"source":null,"internalUse":true,"children":[]},{"path":"apr.tpl","type":"file","unique_id":"JF9LETri","selected":true,"icon":"file.svg","source":null,"sourceType":"javascript","selectedFile":null,"internalUse":true,"children":[]}],"selectedFile":null,"source":null},{"path":"Basic","type":"folder","unique_id":"4T2mlg5V","selected":false,"open":false,"icon":"folder-container.svg","children":[{"path":"text.tpl","type":"file","unique_id":"gBDZLTD1","selected":true,"icon":"edit-text.svg","helpText":"Insert simple text anywhere. Can hold variables, code, and anything of your choice","source":null,"sourceType":"javascript","selectedFile":null,"options":[{"name":"Content","display":"Content","type":"text","options":""},{"name":"ClassName","display":"ClassName","type":"text","options":""}],"children":[]},{"path":"autolinking.tpl","type":"file","unique_id":"Gzc1T1q0","selected":true,"icon":"routing.svg","source":null,"sourceType":"javascript","selectedFile":null,"options":[{"name":"fromLink","display":"From Link","type":"dropdown","options":"return aptugo.pageUtils.getAllPages()"}],"children":[]},{"path":"newbasicelement.tpl","type":"file","unique_id":"ii3a7BLr","selected":true,"icon":"adonis.svg","source":null,"selectedFile":null,"children":[]},{"path":"dummyEncloser.tpl","type":"file","unique_id":"dJkILQvQ","selected":true,"icon":"3d.svg","source":null,"helpText":"Organizational Unit without self code or output","selectedFile":null,"children":[]}],"selectedFile":null,"source":null},{"path":"Material-UI","type":"folder","unique_id":"OU5A2e9o","selected":true,"open":false,"icon":"folder-muilogo.png","helpText":"Material UI Components ready to use","children":[{"path":"accordion.tpl","type":"file","unique_id":"cFILX2c5","selected":false,"icon":"less.svg","helpText":"Creates an accordion surface","source":null,"sourceType":"javascript","selectedFile":null,"childs":[{"name":"Summary","element":"accordionSummary"},{"name":"Details","element":"accordionDetails"}],"options":[{"name":"className","display":"ClassName","type":"text","options":""}],"children":[]},{"path":"accordionDetails.tpl","type":"file","unique_id":"mPgRz9lu","selected":false,"icon":"less.svg","source":null,"sourceType":"javascript","selectedFile":null,"children":[]},{"path":"accordionSummary.tpl","type":"file","unique_id":"Gtfroerm","selected":false,"icon":"less.svg","source":null,"sourceType":"javascript","selectedFile":null,"options":[{"name":"className","display":"ClassName","type":"text","options":""}],"children":[]},{"path":"button.tpl","type":"file","unique_id":"hdTHQyeA","selected":true,"icon":"exe.svg","source":null,"options":[{"name":"ButtonText","display":"Button Text","type":"text","options":""},{"name":"Action","display":"Action","type":"text","options":""},{"name":"className","display":"ClassName","type":"text","options":""},{"name":"Variant","display":"Variant","type":"dropdown","options":"text;contained;outlined"},{"name":"Color","display":"Color","type":"dropdown","options":"default;inherit;primary;secondary"},{"name":"nueva","display":"nuevapropiedad","type":"text","options":""}],"selectedFile":null,"sourceType":"javascript","children":[]},{"path":"div.tpl","type":"file","unique_id":"y8fra7Zo","selected":false,"icon":"3d.svg","source":null,"sourceType":"javascript","selectedFile":null,"options":[{"name":"class","display":"ClassName","type":"text","options":""},{"name":"useid","display":"Use UniqueID as ID","type":"checkbox","options":""},{"name":"id","display":"ID","type":"text","options":""}],"children":[]},{"path":"field.tpl","type":"file","unique_id":"aqUmk84z","selected":true,"icon":"browser-37.svg","source":null,"sourceType":"javascript","selectedFile":null,"options":[{"name":"Field","display":"Field","type":"dropdown","options":"return aptugo.tableUtils.getAllFields()"},{"name":"Type","display":"Type","type":"dropdown","options":"show;edit"},{"name":"Cut","display":"Cut after (n) chars","type":"text","options":""},{"name":"CutOnNewline","display":"Cut on new line","type":"checkbox","options":""},{"name":"Autofocus","display":"Auto Focus","type":"checkbox","options":""},{"name":"DisableVariable","display":"Disable Variable","type":"text","options":""},{"name":"Maximos","display":"Maximos Caracteres","type":"text","options":""},{"name":"DisableUnderline","display":"Disable Underline","type":"checkbox","options":""}],"children":[]},{"path":"image.tpl","type":"file","unique_id":"8vBh0QPE","selected":true,"icon":"image.svg","source":null,"options":[{"name":"path","display":"Image Path","type":"text","options":""},{"name":"ClassName","display":"ClassName","type":"text","options":""},{"name":"webppath","display":"Image Path (webp)","type":"text","options":""},{"name":"alt","display":"Alt Text","type":"text","options":""},{"name":"width","display":"Width","type":"text","options":""},{"name":"height","display":"Height","type":"text","options":""}],"sourceType":"javascript","selectedFile":null,"children":[]},{"path":"navbar.tpl","type":"file","unique_id":"DgXmELX2","selected":false,"icon":"browser-3.svg","helpText":"Navigation bar component","source":null,"options":[{"name":"Title","display":"Title","type":"text","options":""},{"name":"Color","display":"Color","type":"dropdown","options":"default;inherit;primary;secondary;transparent"},{"name":"Position","display":"Position","type":"dropdown","options":"absolute;fixed;relative;static;sticky"},{"name":"ClassName","display":"ClassName","type":"text","options":""},{"name":"Elevation","display":"Elevation","type":"dropdown","options":"0;1;2;3;4;5"}],"selectedFile":null,"sourceType":"javascript","children":[]},{"path":"Parallax.tpl","type":"file","unique_id":"nKVb5PIN","selected":false,"icon":"browser-18.svg","source":null,"options":[{"name":"bgImage","display":"Background","type":"text","options":""}],"sourceType":"javascript","selectedFile":null,"settings":[{"name":"DevPackages","value":"\"react-parallax\": \"^3.0.3\","}],"children":[]},{"path":"simpleLink.tpl","type":"file","unique_id":"BG7vdEr8","selected":false,"icon":"http.svg","source":null,"options":[{"name":"destination","display":"Destination","type":"text","options":""},{"name":"tagToUse","display":"Use Tag","type":"dropdown","options":"NavLink;A"}],"sourceType":"javascript","selectedFile":null,"children":[]},{"path":"snackbar.tpl","type":"file","unique_id":"sU8SWeZz","selected":false,"icon":"handlebars.svg","source":null,"options":[{"name":"message","display":"Message","type":"text","options":""}],"selectedFile":null,"children":[]},{"path":"table.tpl","type":"file","unique_id":"IUyfyTiR","selected":true,"icon":"browser-8.svg","source":null,"sourceType":"javascript","selectedFile":null,"options":[{"name":"title","display":"Title","type":"text","options":""},{"name":"addProcedure","display":"Add Records","type":"dropdown","options":"return [['No','None'],['Internal','Popup Dialog'],...aptugo.pageUtils.plainpages.map(({unique_id, name }) => [unique_id, name])]"},{"name":"table","display":"Table","type":"dropdown","options":"return aptugo.store.getState().application.tables.map(({ unique_id, name }) => [unique_id, name])"},{"name":"addTitle","display":"Title for Add procedure","type":"text","options":""},{"name":"addText","display":"Text for Add procedure","type":"text","options":""},{"name":"headerColor","display":"Header Color","type":"dropdown","options":"warning;primary;danger;success;info;rose;gray"}],"children":[]},{"path":"sidebar.tpl","type":"file","unique_id":"nHTQpPfy","selected":false,"icon":"browser-42.svg","source":null,"sourceType":"javascript","selectedFile":null,"options":[{"name":"colorSchema","display":"Color Schema","type":"dropdown","options":"Red;Blue;Black;Cyan"},{"name":"open","display":"Open Variable","type":"text","options":""},{"name":"handleOpen","display":"Open/Close handler","type":"text","options":""}],"children":[]},{"path":"list.tpl","type":"file","unique_id":"oSig9f4g","selected":true,"icon":"list-3.svg","source":null,"sourceType":"javascript","selectedFile":null,"children":[],"options":[{"name":"className","display":"ClassName","type":"text","options":""},{"name":"disablePadding","display":"Disable Padding","type":"checkbox","options":""}]},{"path":"html.tpl","type":"file","unique_id":"3ZM4gz8X","selected":false,"icon":"html.svg","source":null,"sourceType":"javascript","selectedFile":null,"options":[{"name":"html","display":"Content","type":"text","options":""}],"settings":[{"name":"DevPackages","value":"\"react-html-parser\": \"^2.0.2\","}],"children":[]},{"path":"dialog.tpl","type":"file","unique_id":"Lcyk85fH","selected":true,"icon":"browser-28.svg","source":null,"sourceType":"javascript","selectedFile":null,"options":[{"name":"title","display":"Title","type":"text","options":""},{"name":"introText","display":"Intro Text","type":"text","options":""},{"name":"addProcedure","display":"Add Records","type":"dropdown","options":"No;Internal;Page"},{"name":"color","display":"Color","type":"dropdown","options":"warning;primary;danger;success"},{"name":"table","display":"Table","type":"dropdown","options":"return aptugo.store.getState().application.tables.map(({ unique_id, name }) => [unique_id, name])"},{"name":"button","display":"Button Text (add)","type":"text","options":""},{"name":"editButton","display":"Button Text (edit)","type":"text","options":""},{"name":"editTitle","display":"Title (edit)","type":"text","options":""},{"name":"editIntroText","display":"Intro Text (edit)","type":"text","options":""},{"name":"hideButton","display":"Hide Button","type":"checkbox","options":""}],"children":[]},{"path":"typography.tpl","type":"file","unique_id":"NymKKC8X","selected":false,"icon":"h.svg","source":null,"sourceType":"javascript","selectedFile":null,"options":[{"name":"tag","display":"Tag","type":"dropdown","options":"h1;h2;h3;h4;h5;h6;subtitle1;subtitle2;body1;body2;caption;button;overline;srOnly;inherit"},{"name":"className","display":"ClassName","type":"text","options":""},{"name":"color","display":"Color","type":"dropdown","options":"initial;inherit;primary;secondary;textPrimary;textSecondary;error"}],"children":[]},{"path":"Link.tpl","type":"file","unique_id":"a0bW4rmi","selected":true,"icon":"routing.svg","helpText":"Simple Link that uses React Router","source":null,"options":[{"name":"innerText","display":"Text","type":"text","options":""},{"name":"destination","display":"Destination","type":"text","options":""}],"selectedFile":null,"children":[]},{"path":"TopMenuItem.tpl","type":"file","unique_id":"AsgR6bOH","selected":false,"icon":"browser-51.svg","source":null,"options":[{"name":"text","display":"Display Text","type":"text","options":""},{"name":"link","display":"Navigate to","type":"text","options":""}],"selectedFile":null,"sourceType":"javascript","children":[]},{"path":"TopMenu.tpl","type":"file","unique_id":"WHCOcwBU","selected":false,"icon":"browser-51.svg","helpText":"Sets a Top Navigation Menu for a Webpage","source":null,"selectedFile":null,"sourceType":"javascript","children":[],"options":[{"name":"className","display":"ClassName","type":"text","options":""}]},{"path":"cardHeader.tpl","type":"file","unique_id":"yfN2dlix","selected":false,"icon":"less.svg","internalUse":true,"source":null,"sourceType":"javascript","selectedFile":null,"options":[{"name":"title","display":"Title","type":"text","options":""},{"name":"subheader","display":"Sub Title","type":"text","options":""}],"children":[]},{"path":"cardMedia.tpl","type":"file","unique_id":"yQoAl6XF","selected":true,"icon":"file.svg","source":null,"options":[{"name":"image","display":"Image","type":"text","options":""},{"name":"className","display":"ClassName","type":"text","options":""},{"name":"title","display":"Title","type":"text","options":""}],"children":[],"selectedFile":null},{"path":"cardContent.tpl","type":"file","unique_id":"dSR1tDMw","selected":false,"icon":"less.svg","source":null,"sourceType":"javascript","selectedFile":null,"children":[]},{"path":"cardActions.tpl","type":"file","unique_id":"VOHJvbUW","selected":false,"icon":"less.svg","internalUse":true,"source":null,"sourceType":"javascript","selectedFile":null,"children":[]},{"path":"card.tpl","type":"file","unique_id":"TwgEIKqJ","selected":false,"icon":"less.svg","source":null,"sourceType":"javascript","selectedFile":null,"childs":[{"name":"Card Header","element":"cardHeader"},{"name":"Card Content","element":"cardContent"},{"name":"Card Actions","element":"cardActions"}],"children":[],"options":[{"name":"elevation","display":"Elevation","type":"text","options":""}]},{"path":"ListItem.tpl","type":"file","unique_id":"b1KMWrIH","selected":true,"icon":"list-1.svg","source":null,"selectedFile":null,"sourceType":"javascript","options":[{"name":"onClick","display":"On Click","type":"text","options":""},{"name":"selected","display":"Selected","type":"text","options":""},{"name":"className","display":"ClassName","type":"text","options":""},{"name":"disableGutters","display":"Disable Gutters","type":"checkbox","options":""},{"name":"dense","display":"Dense","type":"checkbox","options":""}],"children":[]},{"path":"listItemAvatar.tpl","type":"file","unique_id":"UiCt6mqz","selected":false,"icon":"list-2.svg","source":null,"selectedFile":null,"sourceType":"javascript","children":[]},{"path":"listItemText.tpl","type":"file","unique_id":"mUbB5LnI","selected":false,"icon":"list-1.svg","source":null,"selectedFile":null,"sourceType":"javascript","options":[{"name":"text","display":"Text","type":"text","options":""},{"name":"className","display":"ClassName","type":"text","options":""},{"name":"secondaryText","display":"Secondary Text","type":"text","options":""},{"name":"onClick","display":"On Click","type":"text","options":""}],"children":[]},{"path":"IconButton.tpl","type":"file","unique_id":"JgKwuk06","selected":false,"icon":"favicon.svg","source":null,"options":[{"name":"Action","display":"Action","type":"text","options":""},{"name":"className","display":"ClassName","type":"text","options":""},{"name":"icon","display":"Icon","type":"dropdown","options":"Send;AllInbox;Menu;DeleteOutline;Favorite;Clear"}],"selectedFile":null,"sourceType":"javascript","children":[]},{"path":"navLink.tpl","type":"file","unique_id":"RDDUIuWL","selected":false,"icon":"routing.svg","source":null,"sourceType":"javascript","selectedFile":null,"options":[{"name":"Destination","display":"destination","type":"text","options":""},{"name":"destination","display":"Destination","type":"text","options":""},{"name":"className","display":"ClassName","type":"text","options":""},{"name":"activeClassname","display":"ClassName (active)","type":"text","options":""},{"name":"linkText","display":"Text","type":"text","options":""}],"children":[]},{"path":"Box.tpl","type":"file","unique_id":"KcwTMbe3","selected":true,"icon":"bazel.svg","helpText":"The Box component serves as a wrapper component for most of the CSS utility needs.","source":null,"selectedFile":null,"sourceType":"javascript","options":[{"name":"color","display":"Color","type":"text","options":""},{"name":"clone","display":"Clone?","type":"checkbox","options":""}],"children":[]},{"path":"checkbox.tpl","type":"file","unique_id":"rCl7agO3","selected":true,"icon":"file.svg","source":null,"options":[{"name":"Checked","display":"Checked Variable","type":"text","options":""},{"name":"OnClick","display":"OnClick","type":"text","options":""}],"selectedFile":null,"sourceType":"javascript","children":[]},{"path":"Container.tpl","type":"file","unique_id":"3NDAATVX","selected":false,"icon":"file.svg","source":null,"helpText":"The container centers your content horizontally. It's the most basic layout element.","options":[{"name":"disableGutters","display":"Disable Gutters","type":"checkbox","options":""},{"name":"fixed","display":"Fixed?","type":"checkbox","options":""},{"name":"maxWidth","display":"Max Width","type":"dropdown","options":"lg;md;sm;xl;xs;false"},{"name":"className","display":"className","type":"text","options":""}],"selectedFile":null,"sourceType":"javascript","children":[]},{"path":"dialogActions.tpl","type":"file","unique_id":"LRTdiJMk","selected":true,"icon":"browser-1.svg","source":null,"selectedFile":null,"children":[]},{"path":"dialogContent.tpl","type":"file","unique_id":"WrV2SSGL","selected":true,"icon":"browser-1.svg","source":null,"sourceType":"javascript","selectedFile":null,"children":[]},{"path":"dialogTitle.tpl","type":"file","unique_id":"ppurU0V6","selected":false,"icon":"file.svg","source":null,"selectedFile":null,"sourceType":"javascript","children":[]},{"path":"grid.tpl","type":"file","unique_id":"gxe46U2I","selected":false,"icon":"browser-6.svg","source":null,"sourceType":"javascript","selectedFile":null,"options":[{"name":"container","display":"Is the container","type":"checkbox","options":""},{"name":"smallcolumns","display":"Columns (small)","type":"text","options":""},{"name":"className","display":"ClassName","type":"text","options":""},{"name":"spacing","display":"Spacing","type":"text","options":""},{"name":"justify","display":"Justify","type":"dropdown","options":"flex-start;center;flex-end;space-between;space-around;space-evenly"},{"name":"align","display":"Align","type":"dropdown","options":"flex-start;center;flex-end;stretch;baseline"},{"name":"midcolumns","display":"Columns (mid)","type":"text","options":""}],"helpText":"The Material Design responsive layout grid adapts to screen size and orientation, ensuring consistency across layouts.","children":[]},{"path":"Paper.tpl","type":"file","unique_id":"efavXTy7","selected":false,"icon":"browser-8.svg","helpText":"The background of an application resembles the flat, opaque texture of a sheet of paper, and an application’s behavior mimics paper’s ability to be re-sized, shuffled, and bound together in multiple sheets.","source":null,"options":[{"name":"elevation","display":"Elevation","type":"text","options":""},{"name":"square","display":"Square Looking","type":"checkbox","options":""},{"name":"variant","display":"Variant","type":"dropdown","options":"elevation;outlined"},{"name":"className","display":"ClassName","type":"text","options":""}],"sourceType":"javascript","selectedFile":null,"children":[]},{"path":"popupDialog.tpl","type":"file","unique_id":"Rm5aRBZI","selected":false,"icon":"browser-1.svg","source":null,"options":[{"name":"open","display":"Open Variable","type":"text","options":""},{"name":"onclose","display":"On Close","type":"text","options":""}],"selectedFile":null,"sourceType":"javascript","childs":[{"name":"Title","element":"dialogTitle"},{"name":"Content","element":"dialogContent"},{"name":"Actions","element":"dialogActions"}],"children":[]},{"path":"timeline.tpl","type":"file","unique_id":"kIUxePN0","selected":false,"icon":"browser-32.svg","source":null,"selectedFile":null,"sourceType":"javascript","childs":[{"name":"TimeLine Item","element":"TimelineItem"}],"children":[]},{"path":"TimelineContent.tpl","type":"file","unique_id":"z7tlw3DV","selected":false,"icon":"browser-32.svg","sourceType":"javascript","source":null,"selectedFile":null,"children":[]},{"path":"TimelineItem.tpl","type":"file","unique_id":"FKm6KFkt","selected":false,"icon":"browser-32.svg","source":null,"sourceType":"javascript","selectedFile":null,"options":[{"name":"onClick","display":"On Click","type":"text","options":""}],"children":[]},{"path":"TimelineOppositeContent.tpl","type":"file","unique_id":"iJ1XSZ6D","selected":false,"icon":"browser-32.svg","source":null,"selectedFile":null,"sourceType":"javascript","children":[]},{"path":"TimelineSeparator.tpl","type":"file","unique_id":"dfS722oZ","selected":false,"icon":"browser-32.svg","source":null,"sourceType":"javascript","selectedFile":null,"children":[]},{"path":"uncontrolledInput.tpl","type":"file","unique_id":"EECbOrrq","selected":true,"icon":"firebase.svg","source":null,"sourceType":"javascript","selectedFile":null,"options":[{"name":"label","display":"Label","type":"text","options":""},{"name":"value","display":"Value","type":"text","options":""},{"name":"onChange","display":"On Change","type":"text","options":""},{"name":"placeholder","display":"Placeholder","type":"text","options":""},{"name":"variant","display":"Variant","type":"dropdown","options":"standard;filled;outlined"}],"children":[]},{"path":"uncontrolledSelect.tpl","type":"file","unique_id":"KZo70Wel","selected":true,"icon":"firebase.svg","source":null,"sourceType":"javascript","selectedFile":null,"options":[{"name":"label","display":"Label","type":"text","options":""},{"name":"value","display":"Value","type":"text","options":""},{"name":"onChange","display":"On Change","type":"text","options":""},{"name":"options","display":"Options","type":"text","options":""}],"children":[]},{"path":"hide.tpl","type":"file","unique_id":"kN2kTdCL","selected":true,"icon":"file.svg","helpText":"Hide elements based on screen size","source":null,"options":[{"name":"hidevalue","display":"Hide Breakpoint","type":"dropdown","options":"xsUp;xsDown;xlUp;xlDown;smUp;smDown;mdUp;mdDown;lgUp;lgDown"}],"children":[],"selectedFile":null},{"path":"Menu.tpl","type":"file","unique_id":"pOUXaWDR","selected":true,"icon":"file.svg","source":null,"selectedFile":null,"children":[],"options":[{"name":"anchorElement","display":"Anchor Element","type":"text","options":""},{"name":"onClose","display":"On Close","type":"text","options":""}]}],"selectedFile":null,"source":null},{"path":"Programming","type":"folder","unique_id":"sdgtDtmn","selected":false,"open":true,"icon":"folder-container.svg","children":[{"path":"useState.tpl","type":"file","unique_id":"cHWAkFVW","selected":false,"icon":"less.svg","source":null,"options":[{"name":"variableName","display":"Variable Name","type":"text","options":""},{"name":"defaultValue","display":"Default Value","type":"text","options":""}],"selectedFile":null,"children":[]},{"path":"loadFromRedux.tpl","type":"file","unique_id":"2uzdPTtK","selected":true,"icon":"redux-store.svg","source":null,"sourceType":"javascript","selectedFile":null,"options":[{"name":"data","display":"Data","type":"dropdown","options":"return aptugo.store.getState().application.tables.map(({ unique_id, name }) => [unique_id, name])"},{"name":"variableName","display":"Variable Name","type":"text","options":""},{"name":"onload","display":"Run code upon loading","type":"text","options":""},{"name":"searchString","display":"Search String","type":"text","options":""},{"name":"fieldToSearch","display":"Field To Search","type":"text","options":""}],"children":[]},{"path":"saveToRedux.tpl","type":"file","unique_id":"OhQu8og7","selected":false,"icon":"redux-action.svg","source":null,"sourceType":"javascript","selectedFile":null,"options":[{"name":"data","display":"Data","type":"dropdown","options":"return aptugo.store.getState().application.tables.map(({ unique_id, name }) => [unique_id, name])"}],"children":[]},{"path":"function.tpl","type":"file","unique_id":"r0mQRZ4N","selected":true,"icon":"less.svg","source":null,"sourceType":"javascript","selectedFile":null,"helpText":"Prepares a function to be called by other components and actions","options":[{"name":"functionName","display":"Function Name","type":"text","options":""},{"name":"functionParameters","display":"Parameters","type":"text","options":""},{"name":"functionBody","display":"Body","type":"text","options":""},{"name":"priority","display":"Priiority","type":"dropdown","options":"Normal;High;Low"}],"children":[]},{"path":"condition.tpl","type":"file","unique_id":"zT1b8lbX","selected":true,"icon":"less.svg","source":null,"sourceType":"javascript","selectedFile":null,"options":[{"name":"condition","display":"Condition","type":"text","options":""}],"helpText":"Make a decision based on a value","children":[]},{"path":"loop.tpl","type":"file","unique_id":"IRpM1eNV","selected":true,"icon":"less.svg","source":null,"sourceType":"javascript","selectedFile":null,"helpText":"Allows you to loop a variable and render child elements","options":[{"name":"variable","display":"Variable","type":"text","options":""},{"name":"code","display":"Code","type":"text","options":""}],"children":[]},{"path":"defineVariable.tpl","type":"file","unique_id":"E3aMS2PI","selected":true,"icon":"less.svg","helpText":"Allows you to define a variable that will be used later","source":null,"options":[{"name":"variableName","display":"Name","type":"text","options":""},{"name":"variableValue","display":"Value","type":"text","options":""},{"name":"willbeModified","display":"Will it be modified?","type":"checkbox","options":""}],"selectedFile":null,"sourceType":"javascript","children":[]},{"path":"code.tpl","type":"file","unique_id":"7nq5ukbU","selected":false,"icon":"coding.svg","source":null,"sourceType":"javascript","selectedFile":null,"options":[{"name":"code","display":"Code","type":"text","options":""}],"children":[]},{"path":"watchVariable.tpl","type":"file","unique_id":"UqzrPt4d","selected":true,"icon":"file.svg","source":null,"options":[{"name":"watchVariable","display":"Variable to Watch","type":"text","options":""}],"helpText":"Watch a variable for changes","selectedFile":null}],"selectedFile":null,"source":null},{"path":"Experimental","type":"folder","unique_id":"FkBgqe2H","selected":true,"open":true,"icon":"folder-container.svg","helpText":"Lab - Experimental Elements (use at your own risk!)","children":[{"path":"CookieConsent.tpl","type":"file","unique_id":"lASO3FMC","selected":false,"icon":"codeowners.svg","source":null,"options":[{"name":"cookieName","display":"Cookie Name","type":"text","options":""},{"name":"component","display":"Component","type":"dropdown","options":"Snackbar;Dialog"},{"name":"message","display":"Message","type":"text","options":""}],"settings":[{"name":"DevPackages","value":"\"material-ui-cookie-consent\": \"^0.1.0\","}],"selectedFile":null,"children":[]},{"path":"themeSelection.tpl","type":"file","unique_id":"rtGqPUwH","selected":true,"icon":"smarty.svg","source":null,"options":[{"name":"theme","display":"Theme","type":"dropdown","options":"website;whatsapp;layout;fantasyx;crm"}],"selectedFile":null,"sourceType":"javascript","children":[]},{"path":"Carousel.tpl","type":"file","unique_id":"oKi37bpk","selected":false,"icon":"browser-14.svg","sourceType":"javascript","source":null,"selectedFile":null,"options":[{"name":"height","display":"Height","type":"text","options":""}],"children":[]},{"path":"meta.tpl","type":"file","unique_id":"s7x9rTv3","selected":false,"icon":"insert-1.svg","source":null,"options":[{"name":"title","display":"Title","type":"text","options":""},{"name":"description","display":"description","type":"text","options":""},{"name":"ogtitle","display":"OG:Title","type":"text","options":""},{"name":"ogimage","display":"OG:Image","type":"text","options":""},{"name":"ogdescription","display":"OG:Description","type":"text","options":""},{"name":"ogurl","display":"OG:URL","type":"text","options":""}],"sourceType":"javascript","selectedFile":null,"settings":[{"name":"DevPackages","value":"\"react-helmet\": \"^6.1.0\","}],"children":[]},{"path":"linkedInShare.tpl","type":"file","unique_id":"NCe9g0Jv","selected":false,"icon":"favicon.svg","helpText":"Share on LinkedIn (use meta for content: og:title / og:image / og:description)","source":null,"sourceType":"javascript","selectedFile":null,"children":[]},{"path":"chartbar.tpl","type":"file","unique_id":"I4IK8OXW","selected":false,"icon":"browser-34.svg","helpText":"Uses Nivo Charting library to draw a chart","source":null,"selectedFile":null,"sourceType":"javascript","settings":[{"name":"Packages","value":"\"@nivo/bar\": \"latest\","}],"options":[{"name":"Responsive","display":"Responsive","type":"checkbox","options":""},{"name":"Width","display":"Width","type":"text","options":""},{"name":"Height","display":"Height","type":"text","options":""},{"name":"Scheme","display":"Scheme","type":"dropdown","options":"nivo;category10;accent;dark2;paired;pastel1;pastel2;set1;set2;set3;brown_blueGreen;purpleRed_green;pink_yellowGreen;purple_orange;red_blue;red_grey;red_yellow_blue;red_yellow_green;spectral;blues;greens;greys;oranges;purples;reds;blue_green;blue_purple;green_blue;orange_red;purple_blue_green;purple_blue;purple_red;red_purple;yellow_green_blue;yellow_green;yellow_orange_brown;yellow_orange_red"},{"name":"Index","display":"Index By","type":"dropdown","options":"return aptugo.tableUtils.getAllFields()"},{"name":"Vak¡lues","display":"Values","type":"dropdown","options":"return aptugo.tableUtils.getAllFields()"},{"name":"Values","display":"Values","type":"dropdown","options":"return aptugo.tableUtils.getAllFields()"},{"name":"LeftAxisLegend","display":"Left Axis: Legend","type":"text","options":""},{"name":"Variable","display":"Variable to Use","type":"text","options":"return aptugo.tableUtils.getAllFields()"},{"name":"Code","display":"Use Code instead","type":"text","options":""}],"children":[]},{"path":"chartchoropleth.tpl","type":"file","unique_id":"561unylU","selected":false,"icon":"browser-35.svg","helpText":"Uses Nivo Charting library to draw a Map","source":null,"sourceType":"javascript","selectedFile":null,"options":[{"name":"Responsive","display":"Responsive","type":"checkbox","options":""},{"name":"Width","display":"Width","type":"text","options":""},{"name":"Height","display":"Height","type":"text","options":""},{"name":"Countries","display":"Countries","type":"dropdown","options":"return aptugo.tableUtils.getAllFields()"},{"name":"Values","display":"Values","type":"dropdown","options":"return aptugo.tableUtils.getAllFields()"},{"name":"Scheme","display":"Scheme","type":"dropdown","options":"nivo;BrBG;PRGn;PiYG;PuOrRdBu;RdGy;RdYlBu;RdYlGn;spectral;blues;greens;greys;oranges;purples;reds;BuGn;BuPu;GnBu;OrRd;PuBuGn;PuBu;PuRd;RdPu;YlGnBu;YlGn;YlOrBr;YlOrRd"}],"settings":[{"name":"Packages","value":"\"@nivo/geo\": \"latest\","}],"children":[]},{"path":"moment.tpl","type":"file","unique_id":"itDtErc5","selected":false,"icon":"moonscript.svg","source":null,"options":[{"name":"dateToFormat","display":"Date to Format","type":"text","options":""},{"name":"fromNow","display":"Show From Now","type":"checkbox","options":""},{"name":"format","display":"Format","type":"text","options":""}],"settings":[{"name":"Packages","value":"\"moment\": \"latest\",\n\"react-moment\": \"latest\","}],"selectedFile":null,"sourceType":"javascript","children":[]},{"path":"KanbanBoard.tpl","type":"file","unique_id":"glsvuPHA","selected":false,"icon":"browser-43.svg","source":null,"selectedFile":null,"options":[{"name":"Columns","display":"Columns","type":"text","options":""},{"name":"ColumnName","display":"Column Name","type":"text","options":""},{"name":"className","display":"ClassName","type":"text","options":""},{"name":"RowData","display":"Row Data","type":"text","options":""},{"name":"matchCondition","display":"Match Condition","type":"text","options":""},{"name":"classNameList","display":"ClassName (list)","type":"text","options":""},{"name":"onDrop","display":"On Drop","type":"text","options":""},{"name":"data","display":"Data","type":"dropdown","options":"return aptugo.store.getState().application.tables.map(({ unique_id, name }) => [unique_id, name])"},{"name":"addRecords","display":"Add Records","type":"text","options":""},{"name":"columnHeaderColor","display":"Column Header Color","type":"text","options":""}],"sourceType":"javascript","settings":[{"name":"Packages","value":"\"react-dnd\": \"latest\",\n\"react-dnd-html5-backend\": \"latest\",\n"}],"children":[]},{"path":"pieChart.tpl","type":"file","unique_id":"oOgmBJJQ","selected":false,"icon":"browser-35.svg","source":null,"options":[{"name":"variableName","display":"Variable Name","type":"text","options":""},{"name":"Code","display":"Code","type":"text","options":""},{"name":"Width","display":"Width","type":"text","options":""},{"name":"Height","display":"Height","type":"text","options":""},{"name":"Scheme","display":"Scheme","type":"dropdown","options":"nivo;category10;accent;dark2;paired;pastel1;pastel2;set1;set2;set3;brown_blueGreen;purpleRed_green;pink_yellowGreen;purple_orange;red_blue;red_grey;red_yellow_blue;red_yellow_green;spectral;blues;greens;greys;oranges;purples;reds;blue_green;blue_purple;green_blue;orange_red;purple_blue_green;purple_blue;purple_red;red_purple;yellow_green_blue;yellow_green;yellow_orange_brown;yellow_orange_red"}],"selectedFile":null,"sourceType":"javascript","settings":[{"name":"Packages","value":"\"@nivo/pie\": \"latest\","}],"children":[]},{"path":"muiTable.tpl","type":"file","unique_id":"UoaaCs5K","selected":true,"icon":"table.svg","source":null,"settings":[{"name":"Packages","value":"\"mui-datatables\": \"latest\",\n\"react-number-format\": \"latest\","}],"selectedFile":null,"children":[]},{"path":"performApiCall.tpl","type":"file","unique_id":"KWeP9css","selected":false,"icon":"apiblueprint.svg","helpText":"Performs a call to an api and returns the response","source":null,"options":[{"name":"url","display":"URL","type":"text","options":""}],"selectedFile":null,"sourceType":"javascript","children":[]},{"path":"chartsJS.tpl","type":"file","unique_id":"9fUBawmx","selected":true,"icon":"file.svg","source":null,"settings":[{"name":"Packages","value":"\"react-chartjs-2\": \"latest\",\"chart.js\":\"latest\","}],"children":[],"options":[{"name":"data","display":"Data Variable","type":"text","options":""},{"name":"title","display":"Title","type":"text","options":""}],"selectedFile":null},{"path":"Pagination.tpl","type":"file","unique_id":"Ip36BC3c","selected":true,"icon":"file.svg","source":null,"options":[{"name":"itemsPerPage","display":"Items per Page","type":"text","options":""},{"name":"currentPage","display":"Current Page","type":"text","options":""},{"name":"totalItems","display":"Total Items","type":"text","options":""},{"name":"table","display":"Table","type":"dropdown","options":"return aptugo.store.getState().application.tables.map(({ unique_id, name }) => [unique_id, name])"}],"children":[],"selectedFile":null}],"selectedFile":null,"source":null},{"path":"Interact","type":"folder","unique_id":"OQvO29kF","selected":false,"open":true,"icon":"folder-container.svg","children":[{"path":"googleAnalytics.tpl","type":"file","unique_id":"l7PZVEme","selected":true,"icon":"azure-pipelines.svg","settings":[{"name":"IndexPreAdd","value":"import ReactGA from 'react-ga';\n\nReactGA.initialize('{{ element.values.trackingid }}');\n\nhist.listen(location => {\n  ReactGA.set({ page: location.pathname });\nReactGA.pageview(location.pathname);\n})\n"},{"name":"Packages","value":"\"react-ga\": \"^3.1.2\","}],"source":null,"options":[{"name":"trackingid","display":"Tracking ID","type":"text","options":""}],"sourceType":"javascript","selectedFile":null,"children":[]},{"path":"gaTrack.tpl","type":"file","unique_id":"VpU3zfJa","selected":true,"icon":"gcp.svg","source":null,"options":[{"name":"category","display":"Category","type":"text","options":""},{"name":"action","display":"Action","type":"text","options":""}],"sourceType":"javascript","selectedFile":null,"children":[]},{"path":"email.tpl","type":"file","unique_id":"urGd2l4d","selected":false,"icon":"email.svg","helpText":"Allows you to send emails","source":null,"selectedFile":null,"sourceType":"javascript","options":[{"name":"functionName","display":"Function Name","type":"text","options":""},{"name":"smpthost","display":"Host (smtp)","type":"text","options":""},{"name":"smptport","display":"Port (smtp)","type":"text","options":""},{"name":"smptuser","display":"User (smtp)","type":"text","options":""},{"name":"smptpass","display":"Password (smtp)","type":"text","options":""},{"name":"subject","display":"Email Subject","type":"text","options":""},{"name":"parameters","display":"Email Parameters","type":"text","options":""}],"settings":[{"name":"DevPackages","value":"\"nodemailer\": \"^6.4.11\",\"react-html-email\": \"^3.0.0\","},{"name":"ServerRoute","value":"const nodemailer = require(\"nodemailer\");\nvar transport = {\n  host: \"{{ element.values.smpthost }}\",\n  port: \"{{ element.values.smptport }}\",\n  auth: {\n    user: \"{{ element.values.smptuser }}\",\n    pass: \"{{ element.values.smptpass }}\",\n  },\n};\n\nvar transporter = nodemailer.createTransport(transport);\ntransporter.verify((error, success) => {\n  if (error) {\n    console.log(error);\n  } else {\n    console.log(\"All works fine, congratz!\");\n  }\n});\napp.use(express.json());\napp.post(\"/api/sendEmail\", (req, res, next) => {\n  const name = req.body.name;\n  const email = req.body.email;\n  const message = req.body.messageHtml;\n  var mail = {\n    from: name,\n    to: email,\n    subject: req.body.subject,\n    html: message,\n  };\n  \n  transporter.sendMail(mail, (err, data) => {\n    if (err) {\n      res.json({ msg: \"fail\" });\n    } else {\n      res.json({ msg: \"success\" });\n    }\n  });\n});\n"}],"childs":[{"name":"Email Content","element":"emailContent"}],"children":[]},{"path":"emailContent.tpl","type":"file","unique_id":"5lG5PAMZ","selected":false,"icon":"less.svg","source":null,"internalUse":true,"sourceType":"javascript","selectedFile":null,"children":[]},{"path":"FlickSearch.tpl","type":"file","unique_id":"nZQBVwLf","selected":true,"icon":"image.svg","source":null,"selectedFile":null,"children":[],"options":[{"name":"apikey","display":"API Key","type":"text","options":""},{"name":"hasgeo","display":"Only pics with Geo Data","type":"checkbox","options":""},{"name":"radius","display":"Radius in KM","type":"text","options":""}]},{"path":"SocialSharing.tpl","type":"file","unique_id":"fldZPyDc","selected":true,"icon":"file.svg","helpText":"Allows to share your current page in Social Networks","source":null,"settings":[{"name":"Packages","value":"\"react-social-sharing\": \"latest\","}],"options":[{"name":"link","display":"Link","type":"text","options":""},{"name":"display","display":"Display","type":"dropdown","options":"simple;simpleReverse;solidcircle;solid"},{"name":"size","display":"Size","type":"dropdown","options":"small;medium;big"},{"name":"network","display":"Network","type":"dropdown","options":"Twitter;Facebook;Google;Tumblr;Mail;Pinterest;Linkedin;Reddit;Xing;Whatsapp;HackerNews;VK;Telegram"}],"children":[],"selectedFile":null},{"path":"disqus.tpl","type":"file","unique_id":"hSVmFQvy","selected":true,"icon":"file.svg","helpText":"Add Disqus commenting into your website","source":null,"settings":[{"name":"Packages","value":"\"disqus-react\": \"latest\","}],"options":[{"name":"pageUrl","display":"Page URL","type":"text","options":""},{"name":"pageIdentifier","display":"Page Unique Identifier","type":"text","options":""},{"name":"shortname","display":"ShortName (from Disqus)","type":"text","options":""}],"children":[],"selectedFile":null},{"path":"Google API","type":"folder","unique_id":"yrETLQMI","selected":true,"open":true,"icon":"folder-container.svg","children":[{"path":"analytics.tpl","type":"file","unique_id":"bn5ppsxe","selected":true,"icon":"file.svg","children":[],"source":null,"options":[{"name":"viewID","display":"View ID (/admin/view/settings)","type":"text","options":""},{"name":"metric","display":"Metrics","type":"chips","options":"ga:users,Users;ga:newUsers,New Users;ga:1dayUsers,1 Day Active Users;ga:7dayUsers,7 Day Active Users;ga:14dayUsers,14 Day Active Users;ga:28dayUsers,28 Day Active Users;ga:30dayUsers,30 Day Active Users"},{"name":"endpoint","display":"Endpoint URL","type":"text","options":""},{"name":"stateName","display":"State Variable Name","type":"text","options":""},{"name":"dateFrom","display":"Date From","type":"text","options":""},{"name":"dateTo","display":"Date To","type":"text","options":""}],"childs":[{"name":"analyticsService.tpl","element":"analyticsService","display":"e"},{"name":"JSON Keys file","element":"oauthkeysjson"}],"selectedFile":null},{"path":"analyticsService.tpl","type":"file","unique_id":"hnIaridw","selected":true,"icon":"file.svg","internalUse":true,"source":null,"children":[],"renderpath":"back-end/app/services/analytics.js","settings":[{"name":"ExtraRoutes","value":"analytics"},{"name":"Packages","value":"\"googleapis\":\"latest\","}],"options":[{"name":"endpoint","display":"Service URL","type":"text","options":""},{"name":"viewid","display":"View ID (/admin/view/settings)","type":"text","options":""}],"selectedFile":null},{"path":"oauthkeysjson.tpl","type":"file","unique_id":"dBslaVhF","selected":true,"icon":"file.svg","source":null,"options":[{"name":"json","display":"JSON Oauth2 content","type":"text","options":""}],"renderpath":"back-end/app/services/oauth2.keys.json","children":[],"internalUse":true,"selectedFile":null}],"selectedFile":null,"source":null}],"selectedFile":null,"source":null},{"path":"Fields","type":"folder","unique_id":"f64ShZ1R","selected":true,"open":true,"icon":"folder-class.svg","children":[{"path":"String","type":"folder","unique_id":"7ERt8Ntr","selected":false,"open":true,"icon":"folder-container.svg","children":[{"path":"show.tpl","type":"file","unique_id":"Faul04vE","selected":true,"icon":"file.svg","sourceType":"javascript","source":null,"selectedFile":null,"children":[]},{"path":"edit.tpl","type":"file","unique_id":"VFMHxQmb","selected":true,"icon":"file.svg","source":null,"sourceType":"javascript","selectedFile":null,"children":[]}],"selectedFile":null,"source":null},{"path":"Number","type":"folder","unique_id":"63hp8wn9","selected":false,"open":true,"icon":"folder-container.svg","children":[{"path":"show.tpl","type":"file","unique_id":"dG39BKkJ","selected":false,"icon":"file.svg","source":null,"sourceType":"javascript","selectedFile":null,"children":[]},{"path":"edit.tpl","type":"file","unique_id":"FF9kCnGJ","selected":true,"icon":"file.svg","source":null,"sourceType":"javascript","selectedFile":null,"children":[]}],"selectedFile":null,"source":null},{"path":"editInclude.tpl","type":"file","unique_id":"Te0LlTQr","selected":true,"icon":"file.svg","source":null,"sourceType":"javascript","selectedFile":null,"children":[]},{"path":"update.tpl","type":"file","unique_id":"MLoFzFhV","selected":true,"icon":"less.svg","source":null,"sourceType":"javascript","selectedFile":null,"children":[]},{"path":"Image","type":"folder","unique_id":"tMl7pKDS","selected":false,"open":true,"icon":"folder-images.svg","children":[{"path":"show.tpl","type":"file","unique_id":"aUpGrvKz","selected":true,"icon":"image.svg","source":null,"sourceType":"javascript","selectedFile":null,"children":[]},{"path":"edit.tpl","type":"file","unique_id":"oMAq4TWs","selected":false,"icon":"image.svg","source":null,"sourceType":"javascript","selectedFile":null,"children":[]},{"path":"update.tpl","type":"file","unique_id":"PE4p6hXx","selected":true,"icon":"file.svg","source":null,"sourceType":"javascript","selectedFile":null,"children":[]}],"selectedFile":null,"source":null},{"path":"MultilineString","type":"folder","unique_id":"JmoPTUKM","selected":false,"open":true,"icon":"folder-class.svg","children":[{"path":"show.tpl","type":"file","unique_id":"UsXhvleK","selected":false,"icon":"file.svg","sourceType":"javascript","source":null,"selectedFile":null,"options":[{"name":"cut","display":"Cut at","type":"text","options":""}],"children":[]},{"path":"edit.tpl","type":"file","unique_id":"q9uSxre7","selected":false,"icon":"file.svg","sourceType":"javascript","source":null,"selectedFile":null,"children":[]}],"selectedFile":null,"source":null},{"path":"Password","type":"folder","unique_id":"T8TaetIz","selected":false,"open":true,"icon":"folder-class.svg","children":[{"path":"show.tpl","type":"file","unique_id":"ZlefTFnf","selected":true,"icon":"less.svg","source":null,"sourceType":"javascript","selectedFile":null,"children":[]},{"path":"edit.tpl","type":"file","unique_id":"6mKUD3U1","selected":true,"icon":"file.svg","source":null,"sourceType":"javascript","selectedFile":null,"children":[]},{"path":"update.tpl","type":"file","unique_id":"nphSgHso","selected":true,"icon":"file.svg","source":null,"children":[],"selectedFile":null},{"path":"updateImports.tpl","type":"file","unique_id":"AHZ3RSFk","selected":true,"icon":"file.svg","source":null,"children":[],"selectedFile":null}],"selectedFile":null,"source":null},{"path":"Date","type":"folder","unique_id":"qebTSTZ0","selected":false,"open":true,"icon":"folder-app.svg","children":[{"path":"show.tpl","type":"file","unique_id":"pPHnrV0O","selected":false,"icon":"less.svg","source":null,"sourceType":"javascript","selectedFile":null,"children":[]},{"path":"edit.tpl","type":"file","unique_id":"pcy5ZgWy","selected":false,"icon":"less.svg","source":null,"sourceType":"javascript","selectedFile":null,"children":[]}],"selectedFile":null,"source":null},{"path":"Wysiwyg","type":"folder","unique_id":"8wOAklSD","selected":false,"open":true,"icon":"folder-container.svg","children":[{"path":"show.tpl","type":"file","unique_id":"eM0INTP4","selected":false,"icon":"file.svg","source":null,"sourceType":"javascript","selectedFile":null,"children":[]},{"path":"edit.tpl","type":"file","unique_id":"L9zH85K4","selected":false,"icon":"file.svg","source":null,"sourceType":"javascript","selectedFile":null,"settings":[{"name":"DevPackages","value":"\"react-quill\": \"^1.3.5\","}],"children":[]}],"selectedFile":null,"source":null},{"path":"Autocomplete","type":"folder","unique_id":"tmPOvcnH","selected":false,"open":true,"icon":"folder-container.svg","children":[{"path":"show.tpl","type":"file","unique_id":"IV3Bf9aL","selected":false,"icon":"file.svg","source":null,"selectedFile":null,"sourceType":"javascript","settings":[{"name":"Packages","value":"\"@material-ui/lab\": \"^4.0.0-alpha.56\","}],"children":[]},{"path":"edit.tpl","type":"file","unique_id":"XLsE3nbG","selected":false,"icon":"file.svg","source":null,"selectedFile":null,"sourceType":"javascript","settings":[{"name":"Packages","value":"\"@material-ui/lab\": \"^4.0.0-alpha.56\","}],"children":[]},{"path":"find.tpl","type":"file","unique_id":"obOUbIXU","selected":true,"icon":"less.svg","source":null,"selectedFile":null,"sourceType":"javascript","children":[]},{"path":"update.tpl","type":"file","unique_id":"u0GJodUP","selected":false,"icon":"file.svg","source":null,"selectedFile":null,"sourceType":"javascript","children":[]}],"selectedFile":null,"source":null},{"path":"find.tpl","type":"file","unique_id":"uRMuXxS2","selected":true,"icon":"less.svg","source":null,"selectedFile":null,"sourceType":"javascript","children":[]},{"path":"Dropdown","type":"folder","unique_id":"LMFIDw59","selected":false,"open":true,"icon":"folder-container.svg","children":[{"path":"show.tpl","type":"file","unique_id":"g9A1e570","selected":false,"icon":"file.svg","source":null,"selectedFile":null,"sourceType":"javascript","children":[]},{"path":"edit.tpl","type":"file","unique_id":"uxhx3Vzb","selected":true,"icon":"file.svg","source":null,"selectedFile":null,"sourceType":"javascript","children":[]},{"path":"btngroup.tpl","type":"file","unique_id":"dKPTPUtZ","selected":false,"icon":"file.svg","source":null,"selectedFile":null,"sourceType":"javascript","children":[]}],"selectedFile":null,"source":null},{"path":"Datetime","type":"folder","unique_id":"hQ4wyD8K","selected":false,"open":true,"icon":"folder-container.svg","children":[{"path":"show.tpl","type":"file","unique_id":"bZ01niDC","selected":false,"icon":"file.svg","source":null,"selectedFile":null,"sourceType":"javascript","children":[]},{"path":"edit.tpl","type":"file","unique_id":"0i1ZtXGl","selected":false,"icon":"file.svg","source":null,"sourceType":"javascript","selectedFile":null,"children":[]}],"selectedFile":null,"source":null},{"path":"Boolean","type":"folder","unique_id":"4qaCN2pR","selected":false,"open":true,"icon":"folder-container.svg","children":[{"path":"show.tpl","type":"file","unique_id":"UI11VQuR","selected":false,"icon":"file.svg","source":null,"selectedFile":null,"sourceType":"javascript","children":[]},{"path":"edit.tpl","type":"file","unique_id":"Sgw5cpJW","selected":false,"icon":"file.svg","source":null,"selectedFile":null,"sourceType":"javascript","children":[]}],"selectedFile":null,"source":null}],"selectedFile":null,"internalUse":true,"source":null},{"path":"Geo","type":"folder","unique_id":"0BbgwMtg","selected":true,"open":true,"icon":"folder-lib.svg","helpText":"Geo Components","children":[{"path":"LeafLet.tpl","type":"file","unique_id":"KshBgLpQ","selected":true,"icon":"browser-30.svg","source":null,"selectedFile":null,"children":[],"settings":[{"name":"Packages","value":"\"react-leaflet\": \"2.8.0\",\"leaflet\": \"latest\","}]},{"path":"GeoLocation.tpl","type":"file","unique_id":"r4TVaLmT","selected":true,"icon":"browser-30.svg","source":null,"selectedFile":null,"children":[]},{"path":"Marker.tpl","type":"file","unique_id":"hKE82qnH","selected":true,"icon":"browser-30.svg","source":null,"selectedFile":null,"children":[],"options":[{"name":"Position","display":"Position","type":"text","options":""}]},{"path":"soynuevo.tpl","type":"file","unique_id":"9CTT2HI4","selected":true,"icon":"file.svg","source":null,"options":[{"name":"prop","display":"Props","type":"text","options":""}],"children":[],"selectedFile":null}],"selectedFile":null,"source":null}],"selectedFile":null,"source":null},{"path":"Types","type":"folder","unique_id":"9rLtHOiz","selected":false,"open":true,"icon":"folder-typescript.svg","children":[{"path":"index.d.ts","type":"file","unique_id":"qB1Fti6L","selected":true,"icon":"file.svg","source":null,"selectedFile":null,"children":[],"open":true}],"selectedFile":null,"source":null},{"path":".npmrc","type":"file","unique_id":"uZWTIu4K","selected":true,"icon":"file.svg","source":null,"selectedFile":null,"children":[]}],"fields":[{"label":"Yes / No","value":"Boolean","dataType":"Boolean","initialValue":"false","options":""},{"label":"Date","value":"Date","dataType":"Date","initialValue":"","options":""},{"label":"Date-Time","value":"Datetime","dataType":"Date","initialValue":"","options":""},{"label":"Multiline text","value":"MultilineString","dataType":"String","initialValue":""},{"label":"Text","value":"String","dataType":"String","initialValue":"''"},{"label":"Wysiwyg","value":"Wysiwyg","dataType":"String","initialValue":"","options":""},{"label":"Autocomplete","value":"Autocomplete","dataType":"mongoose.Schema.Types.ObjectId","initialValue":"","options":{"extra":[{"display":"From","value":"reference","type":"select","options":"aptugo.tableUtils.getAllFields().map(field => { return { label: field[1], value: field[0] } })"},{"display":"ReferencedKey","value":"referencekey","type":"select","options":"[{ label: 'Standard Key', value: '_id' }, ...aptugo.tableUtils.getAllFields().map(field => { return { label: field[1], value: field[0] } })]"}]}},{"label":"Dropdown","value":"Dropdown","dataType":"String","initialValue":"","options":{"extra":[{"display":"Display","value":"displaytype","type":"select","options":[{"label":"Standard","value":"standard"},{"label":"Button Group","value":"btngroup"}]}]}},{"label":"Image","value":"Image","dataType":"String","initialValue":""},{"label":"Number","value":"Number","dataType":"Number","initialValue":null},{"label":"Password","value":"Password","dataType":"String","initialValue":""}],"_id":"5ec1574d22999c4a5e8e0dc7","type":"structure","Created_date":"2020-05-17T15:25:01.701Z","__v":0,"name":"React/Typescript Front-End / NodeJS Mongoose","desc":"This template allows you to create full web applications","default":true,"templateCommandsAfter":"pnpm install &&\nrm -f /var/www/wildcards/{{ application.url }}Backend &&\nln -sf {{ fullbuildfolder }}{{ buildFolder }}/back-end/ /var/www/wildcards/{{ application.url }}Backend &&\nrm -f /var/www/wildcards/{{ application.url }} &&\nln -sf {{ fullbuildfolder }}{{ buildFolder }}/build /var/www/wildcards/{{ application.url }}\n","templateCommandsAfterDeploy":"pnpm install && \npnpm run build &&\nln -sf {{ fullbuildfolder }}{{ buildFolder }}/back-end/ /var/www/wildcards/{{ application.settings.name | friendly | lower }}Backend &&\nln -sf {{ fullbuildfolder }}{{ buildFolder }}/build/ /var/www/wildcards/{{ application.settings.name | friendly | lower }}"}