{"_id":"H8DBnQKX3lcLcQKr","name":"Golang - VueJS","desc":"11111","default":"","templateCommandsAfter":"22222","templateCommandsAfterDeploy":"33333","fields":[{"label":"b","value":"b","dataType":"b","initialValue":"b","options":"b"}],"files":[{"path":"1.tpl","type":"file","unique_id":"Tbp2cOUr","selected":true,"icon":"file.svg","source":"1","children":[]},{"path":"something","type":"folder","unique_id":"eL31AxuA","selected":true,"open":true,"icon":"folder-container.svg","children":[{"path":"else.tpl","type":"file","unique_id":"RECxMpHC","selected":true,"icon":"file.svg","children":[]}]}]}