{"_id":"5f1997f0c76f1f45054347d8","type":"structure","parameters":"User Table","afterRun":"","Created_date":{"$date":"2020-07-23T14:00:16.549Z"},"__v":0,"code":"const userTable = Application.tables.find(table => table.unique_id === Parameters.table_unique_id)\n\nconst dmz = {\n\t\"name\": \"Non Restricted Zone\",\n\t\"type\": \"page\",\n\t\"children\": [{\n\t\t\"name\": \"Before Page Render\",\n\t\t\"type\": \"element\",\n\t\t\"value\": \"bpr\",\n\t\t\"prevent_delete\": true,\n\t\t\"cascades\": false,\n\t\t\"children\": []\n\t}, {\n\t\t\"name\": \"Page Header\",\n\t\t\"type\": \"element\",\n\t\t\"value\": \"ph\",\n\t\t\"prevent_delete\": true,\n\t\t\"children\": [{\n\t\t\t\"name\": \"loadFromRedux\",\n\t\t\t\"prevent_delete\": false,\n\t\t\t\"cascades\": true,\n\t\t\t\"children\": [],\n\t\t\t\"type\": \"element\",\n\t\t\t\"value\": \"loadFromRedux\",\n\t\t\t\"values\": {\n\t\t\t\t\"data\": userTable.unique_id\n\t\t\t}\n\t\t}],\n\t\t\"cascades\": false,\n\t}, {\n\t\t\"name\": \"Body\",\n\t\t\"type\": \"element\",\n\t\t\"value\": \"b\",\n\t\t\"prevent_delete\": true,\n\t\t\"cascades\": false,\n\t\t\"children\": []\n\t}, {\n\t\t\"name\": \"Page Footer\",\n\t\t\"type\": \"element\",\n\t\t\"value\": \"pf\",\n\t\t\"prevent_delete\": true,\n\t\t\"cascades\": false,\n\t\t\"children\": []\n\t}, {\n\t\t\"name\": \"After Page Render\",\n\t\t\"type\": \"element\",\n\t\t\"value\": \"apr\",\n\t\t\"prevent_delete\": true,\n\t\t\"cascades\": false,\n\t\t\"children\": []\n\t}, {\n\t\t\"name\": \"Login\",\n\t\t\"type\": \"page\",\n\t\t\"children\": [{\n\t\t\t\"name\": \"Before Page Render\",\n\t\t\t\"type\": \"element\",\n\t\t\t\"value\": \"bpr\",\n\t\t\t\"prevent_delete\": true,\n\t\t\t\"cascades\": false,\n\t\t\t\"children\": [{\n\t\t\t\t\"name\": \"code\",\n\t\t\t\t\"prevent_delete\": false,\n\t\t\t\t\"cascades\": false,\n\t\t\t\t\"children\": [],\n\t\t\t\t\"type\": \"element\",\n\t\t\t\t\"value\": \"code\",\n\t\t\t\t\"values\": {\n\t\t\t\t\t\"code\": \"import AuthService from \\\"../services/auth.service\\\"\"\n\t\t\t\t}\n\t\t\t}]\n\t\t}, {\n\t\t\t\"name\": \"Page Header\",\n\t\t\t\"type\": \"element\",\n\t\t\t\"value\": \"ph\",\n\t\t\t\"prevent_delete\": true,\n\t\t\t\"children\": [{\n\t\t\t\t\"name\": \"function\",\n\t\t\t\t\"prevent_delete\": false,\n\t\t\t\t\"cascades\": false,\n\t\t\t\t\"children\": [],\n\t\t\t\t\"type\": \"element\",\n\t\t\t\t\"value\": \"function\",\n\t\t\t\t\"values\": {\n\t\t\t\t\t\"functionName\": \"handleLogin\",\n\t\t\t\t\t\"functionBody\": \"AuthService.login(Usersdata.Email, Usersdata.Password).then(\\n      (res) => {\\n        props.history.goBack()\\n      },\\n      error => {\\n        console.log(error)\\n      }\\n    )\"\n\t\t\t\t}\n\t\t\t}],\n\t\t\t\"cascades\": true,\n\t\t\t\"values\": {\n\t\t\t\t\"localStyles\": \"mainPanel: {     [\\\"@media (min-width:960px)\\\"]: {       backgroundColor: \\\"#56baec\\\",       width: \\\"100%\\\",       flexGrow: 1,     },   },   loginHolder: { margin: \\\"5rem auto 0\\\", width: \\\"30vw\\\", textAlign: \\\"center\\\" },   loginArea: {     position: \\\"relative\\\",     background: \\\"white\\\",     padding: \\\"4rem 3rem 2rem\\\",     borderRadius: \\\"0.5rem\\\",     marginBottom: \\\"1rem\\\",     boxSizing: \\\"border-box\\\",     boxShadow: \\\"0px 3px 20px 5px #00000030\\\",   },   loginTitle: {     textTransform: \\\"uppercase\\\",     fontSize: \\\"1.2rem\\\",     letterSpacing: \\\"0.1rem\\\",     color: \\\"#3084af\\\",   },   image: {     width: \\\"5rem\\\",     position: \\\"absolute\\\",     top: \\\"-2.5rem\\\",     left: \\\"calc(15vw - (2.5rem + 2.5px))\\\",     border: \\\"5px solid white\\\",     borderRadius: \\\"5rem\\\",   },\"\n\t\t\t}\n\t\t}, {\n\t\t\t\"name\": \"Body\",\n\t\t\t\"type\": \"element\",\n\t\t\t\"value\": \"b\",\n\t\t\t\"prevent_delete\": true,\n\t\t\t\"cascades\": false,\n\t\t\t\"children\": [{\n\t\t\t\t\"name\": \"div\",\n\t\t\t\t\"prevent_delete\": false,\n\t\t\t\t\"cascades\": false,\n\t\t\t\t\"children\": [{\n\t\t\t\t\t\"name\": \"div\",\n\t\t\t\t\t\"prevent_delete\": false,\n\t\t\t\t\t\"cascades\": false,\n\t\t\t\t\t\"children\": [{\n\t\t\t\t\t\t\"name\": \"text - Login\",\n\t\t\t\t\t\t\"prevent_delete\": false,\n\t\t\t\t\t\t\"cascades\": false,\n\t\t\t\t\t\t\"children\": [],\n\t\t\t\t\t\t\"type\": \"element\",\n\t\t\t\t\t\t\"value\": \"text\",\n\t\t\t\t\t\t\"values\": {\n\t\t\t\t\t\t\t\"Content\": \"<p className={classes.loginTitle}>Login to your account</p><img  className={classes.image} src='/api/images/user.svg' />\"\n\t\t\t\t\t\t}\n\t\t\t\t\t}, {\n\t\t\t\t\t\t\"name\": \"field - Email\",\n\t\t\t\t\t\t\"prevent_delete\": false,\n\t\t\t\t\t\t\"cascades\": false,\n\t\t\t\t\t\t\"children\": [],\n\t\t\t\t\t\t\"type\": \"element\",\n\t\t\t\t\t\t\"value\": \"field\",\n\t\t\t\t\t\t\"values\": {\n\t\t\t\t\t\t\t\"Field\": userTable.fields[0].unique_id,\n\t\t\t\t\t\t\t\"Type\": \"edit\",\n\t\t\t\t\t\t\t\"Autofocus\": true\n\t\t\t\t\t\t}\n\t\t\t\t\t}, {\n\t\t\t\t\t\t\"name\": \"field - Password\",\n\t\t\t\t\t\t\"prevent_delete\": false,\n\t\t\t\t\t\t\"cascades\": false,\n\t\t\t\t\t\t\"children\": [],\n\t\t\t\t\t\t\"type\": \"element\",\n\t\t\t\t\t\t\"value\": \"field\",\n\t\t\t\t\t\t\"values\": {\n\t\t\t\t\t\t\t\"Field\": userTable.fields[1].unique_id,\n\t\t\t\t\t\t\t\"Type\": \"edit\"\n\t\t\t\t\t\t}\n\t\t\t\t\t}, {\n\t\t\t\t\t\t\"name\": \"Link\",\n\t\t\t\t\t\t\"prevent_delete\": false,\n\t\t\t\t\t\t\"cascades\": false,\n\t\t\t\t\t\t\"children\": [],\n\t\t\t\t\t\t\"type\": \"element\",\n\t\t\t\t\t\t\"value\": \"Link\",\n\t\t\t\t\t\t\"values\": {\n\t\t\t\t\t\t\t\"destination\": \"/forgot\",\n\t\t\t\t\t\t\t\"innerText\": \"<p>Forgot your password?</p>\"\n\t\t\t\t\t\t}\n\t\t\t\t\t}, {\n\t\t\t\t\t\t\"name\": \"button\",\n\t\t\t\t\t\t\"prevent_delete\": false,\n\t\t\t\t\t\t\"cascades\": false,\n\t\t\t\t\t\t\"children\": [],\n\t\t\t\t\t\t\"type\": \"element\",\n\t\t\t\t\t\t\"value\": \"button\",\n\t\t\t\t\t\t\"values\": {\n\t\t\t\t\t\t\t\"ButtonText\": \"Sign In\",\n\t\t\t\t\t\t\t\"Action\": \"handleLogin\"\n\t\t\t\t\t\t}\n\t\t\t\t\t}],\n\t\t\t\t\t\"type\": \"element\",\n\t\t\t\t\t\"value\": \"div\",\n\t\t\t\t\t\"values\": {\n\t\t\t\t\t\t\"class\": \"classes.loginArea\"\n\t\t\t\t\t}\n\t\t\t\t}, {\n\t\t\t\t\t\"name\": \"text - Havent\",\n\t\t\t\t\t\"prevent_delete\": false,\n\t\t\t\t\t\"cascades\": false,\n\t\t\t\t\t\"children\": [],\n\t\t\t\t\t\"type\": \"element\",\n\t\t\t\t\t\"value\": \"text\",\n\t\t\t\t\t\"values\": {\n\t\t\t\t\t\t\"Content\": \"Haven't an account?&nbsp;\"\n\t\t\t\t\t}\n\t\t\t\t}, {\n\t\t\t\t\t\"name\": \"Link\",\n\t\t\t\t\t\"prevent_delete\": false,\n\t\t\t\t\t\"cascades\": false,\n\t\t\t\t\t\"children\": [],\n\t\t\t\t\t\"type\": \"element\",\n\t\t\t\t\t\"value\": \"Link\",\n\t\t\t\t\t\"values\": {\n\t\t\t\t\t\t\"destination\": \"/register\",\n\t\t\t\t\t\t\"innerText\": \" Sign Up here\"\n\t\t\t\t\t}\n\t\t\t\t}],\n\t\t\t\t\"type\": \"element\",\n\t\t\t\t\"value\": \"div\",\n\t\t\t\t\"values\": {\n\t\t\t\t\t\"class\": \"classes.loginHolder\"\n\t\t\t\t}\n\t\t\t}]\n\t\t}, {\n\t\t\t\"name\": \"Page Footer\",\n\t\t\t\"type\": \"element\",\n\t\t\t\"value\": \"pf\",\n\t\t\t\"prevent_delete\": true,\n\t\t\t\"cascades\": false,\n\t\t\t\"children\": []\n\t\t}, {\n\t\t\t\"name\": \"After Page Render\",\n\t\t\t\"type\": \"element\",\n\t\t\t\"value\": \"apr\",\n\t\t\t\"prevent_delete\": true,\n\t\t\t\"cascades\": false,\n\t\t\t\"children\": []\n\t\t}],\n\t\t\"path\": \"/login\",\n\t\t\"filename\": \"login.tsx\"\n\t}, {\n\t\t\"name\": \"Register\",\n\t\t\"type\": \"page\",\n\t\t\"children\": [{\n\t\t\t\"name\": \"Before Page Render\",\n\t\t\t\"type\": \"element\",\n\t\t\t\"value\": \"bpr\",\n\t\t\t\"prevent_delete\": true,\n\t\t\t\"cascades\": false,\n\t\t\t\"children\": [{\n\t\t\t\t\"name\": \"code\",\n\t\t\t\t\"prevent_delete\": false,\n\t\t\t\t\"cascades\": false,\n\t\t\t\t\"children\": [],\n\t\t\t\t\"type\": \"element\",\n\t\t\t\t\"value\": \"code\",\n\t\t\t\t\"collapseStatus\": \"expand\",\n\t\t\t\t\"values\": {\n\t\t\t\t\t\"code\": \"import { addUsers } from '../store/actions/usersActions'\"\n\t\t\t\t}\n\t\t\t}],\n\t\t\t\"collapseStatus\": \"expand\"\n\t\t}, {\n\t\t\t\"name\": \"Page Header\",\n\t\t\t\"type\": \"element\",\n\t\t\t\"value\": \"ph\",\n\t\t\t\"prevent_delete\": true,\n\t\t\t\"children\": [{\n\t\t\t\t\"name\": \"function\",\n\t\t\t\t\"prevent_delete\": false,\n\t\t\t\t\"cascades\": false,\n\t\t\t\t\"children\": [],\n\t\t\t\t\"type\": \"element\",\n\t\t\t\t\"value\": \"function\",\n\t\t\t\t\"values\": {\n\t\t\t\t\t\"functionName\": \"handleRegister\",\n\t\t\t\t\t\"functionBody\": \"dispatch(addUsers(Usersdata))\\nsetSnackbarOpen(true)\\nsetTimeout(() => {\\n  props.history.push('/')\\n},2000)\"\n\t\t\t\t}\n\t\t\t}],\n\t\t\t\"cascades\": false,\n\t\t\t\"values\": {\n\t\t\t\t\"localStyles\": \"mainPanel: {     [\\\"@media (min-width:960px)\\\"]: {       backgroundColor: \\\"#56baec\\\",       width: \\\"100%\\\",       flexGrow: 1,     },   },   loginHolder: { margin: \\\"5rem auto 0\\\", width: \\\"30vw\\\", textAlign: \\\"center\\\" },   loginArea: {     position: \\\"relative\\\",     background: \\\"white\\\",     padding: \\\"4rem 3rem 2rem\\\",     borderRadius: \\\"0.5rem\\\",     marginBottom: \\\"1rem\\\",     boxSizing: \\\"border-box\\\",     boxShadow: \\\"0px 3px 20px 5px #00000030\\\",   },   loginTitle: {     textTransform: \\\"uppercase\\\",     fontSize: \\\"1.2rem\\\",     letterSpacing: \\\"0.1rem\\\",     color: \\\"#3084af\\\",   },   image: {     width: \\\"5rem\\\",     position: \\\"absolute\\\",     top: \\\"-2.5rem\\\",     left: \\\"calc(15vw - (2.5rem + 2.5px))\\\",     border: \\\"5px solid white\\\",     borderRadius: \\\"5rem\\\",   },\"\n\t\t\t}\n\t\t}, {\n\t\t\t\"name\": \"Body\",\n\t\t\t\"type\": \"element\",\n\t\t\t\"value\": \"b\",\n\t\t\t\"prevent_delete\": true,\n\t\t\t\"cascades\": false,\n\t\t\t\"children\": [{\n\t\t\t\t\"name\": \"snackbar\",\n\t\t\t\t\"prevent_delete\": false,\n\t\t\t\t\"cascades\": false,\n\t\t\t\t\"children\": [],\n\t\t\t\t\"type\": \"element\",\n\t\t\t\t\"value\": \"snackbar\",\n\t\t\t\t\"values\": {\n\t\t\t\t\t\"message\": \"User Registered\"\n\t\t\t\t}\n\t\t\t}, {\n\t\t\t\t\"name\": \"div\",\n\t\t\t\t\"prevent_delete\": false,\n\t\t\t\t\"cascades\": false,\n\t\t\t\t\"children\": [{\n\t\t\t\t\t\"name\": \"div\",\n\t\t\t\t\t\"prevent_delete\": false,\n\t\t\t\t\t\"cascades\": false,\n\t\t\t\t\t\"children\": [{\n\t\t\t\t\t\t\"name\": \"text\",\n\t\t\t\t\t\t\"prevent_delete\": false,\n\t\t\t\t\t\t\"cascades\": false,\n\t\t\t\t\t\t\"children\": [],\n\t\t\t\t\t\t\"type\": \"element\",\n\t\t\t\t\t\t\"value\": \"text\",\n\t\t\t\t\t\t\"values\": {\n\t\t\t\t\t\t\t\"Content\": \"<p className={classes.loginTitle}>Register your account</p><img  className={classes.image} src='/img/user.svg' />\"\n\t\t\t\t\t\t}\n\t\t\t\t\t}, {\n\t\t\t\t\t\t\"name\": \"field\",\n\t\t\t\t\t\t\"prevent_delete\": false,\n\t\t\t\t\t\t\"cascades\": false,\n\t\t\t\t\t\t\"children\": [],\n\t\t\t\t\t\t\"type\": \"element\",\n\t\t\t\t\t\t\"value\": \"field\",\n\t\t\t\t\t\t\"values\": {\n\t\t\t\t\t\t\t\"Field\": userTable.fields[2].unique_id,\n\t\t\t\t\t\t\t\"Autofocus\": true,\n\t\t\t\t\t\t\t\"Type\": \"edit\"\n\t\t\t\t\t\t}\n\t\t\t\t\t}, {\n\t\t\t\t\t\t\"name\": \"field\",\n\t\t\t\t\t\t\"prevent_delete\": false,\n\t\t\t\t\t\t\"cascades\": false,\n\t\t\t\t\t\t\"children\": [],\n\t\t\t\t\t\t\"type\": \"element\",\n\t\t\t\t\t\t\"value\": \"field\",\n\t\t\t\t\t\t\"values\": {\n\t\t\t\t\t\t\t\"Field\": userTable.fields[0].unique_id,\n\t\t\t\t\t\t\t\"Type\": \"edit\"\n\t\t\t\t\t\t}\n\t\t\t\t\t}, {\n\t\t\t\t\t\t\"name\": \"field\",\n\t\t\t\t\t\t\"prevent_delete\": false,\n\t\t\t\t\t\t\"cascades\": false,\n\t\t\t\t\t\t\"children\": [],\n\t\t\t\t\t\t\"type\": \"element\",\n\t\t\t\t\t\t\"value\": \"field\",\n\t\t\t\t\t\t\"values\": {\n\t\t\t\t\t\t\t\"Field\": userTable.fields[1].unique_id,\n\t\t\t\t\t\t\t\"Type\": \"edit\"\n\t\t\t\t\t\t}\n\t\t\t\t\t}, {\n\t\t\t\t\t\t\"name\": \"button\",\n\t\t\t\t\t\t\"prevent_delete\": false,\n\t\t\t\t\t\t\"cascades\": false,\n\t\t\t\t\t\t\"children\": [],\n\t\t\t\t\t\t\"type\": \"element\",\n\t\t\t\t\t\t\"value\": \"button\",\n\t\t\t\t\t\t\"values\": {\n\t\t\t\t\t\t\t\"ButtonText\": \"Sign Up\",\n\t\t\t\t\t\t\t\"Action\": \"handleRegister\"\n\t\t\t\t\t\t}\n\t\t\t\t\t}],\n\t\t\t\t\t\"type\": \"element\",\n\t\t\t\t\t\"value\": \"div\",\n\t\t\t\t\t\"values\": {\n\t\t\t\t\t\t\"class\": \"classes.loginArea\"\n\t\t\t\t\t}\n\t\t\t\t}, {\n\t\t\t\t\t\"name\": \"text\",\n\t\t\t\t\t\"prevent_delete\": false,\n\t\t\t\t\t\"cascades\": false,\n\t\t\t\t\t\"children\": [],\n\t\t\t\t\t\"type\": \"element\",\n\t\t\t\t\t\"value\": \"text\",\n\t\t\t\t\t\"values\": {\n\t\t\t\t\t\t\"Content\": \"Have an account?&nbsp;\"\n\t\t\t\t\t}\n\t\t\t\t}, {\n\t\t\t\t\t\"name\": \"Link\",\n\t\t\t\t\t\"prevent_delete\": false,\n\t\t\t\t\t\"cascades\": false,\n\t\t\t\t\t\"children\": [],\n\t\t\t\t\t\"type\": \"element\",\n\t\t\t\t\t\"value\": \"Link\",\n\t\t\t\t\t\"values\": {\n\t\t\t\t\t\t\"innerText\": \"Login\",\n\t\t\t\t\t\t\"destination\": \"/Login\"\n\t\t\t\t\t}\n\t\t\t\t}],\n\t\t\t\t\"type\": \"element\",\n\t\t\t\t\"value\": \"div\",\n\t\t\t\t\"values\": {\n\t\t\t\t\t\"class\": \"classes.loginHolder\"\n\t\t\t\t}\n\t\t\t}]\n\t\t}, {\n\t\t\t\"name\": \"Page Footer\",\n\t\t\t\"type\": \"element\",\n\t\t\t\"value\": \"pf\",\n\t\t\t\"prevent_delete\": true,\n\t\t\t\"cascades\": false,\n\t\t\t\"children\": []\n\t\t}, {\n\t\t\t\"name\": \"After Page Render\",\n\t\t\t\"type\": \"element\",\n\t\t\t\"value\": \"apr\",\n\t\t\t\"prevent_delete\": true,\n\t\t\t\"cascades\": false,\n\t\t\t\"children\": []\n\t\t}],\n\t\t\"path\": \"/register\",\n\t\t\"filename\": \"register.tsx\"\n\t}, {\n\t\t\"name\": \"Retrieve Password\",\n\t\t\"type\": \"page\",\n\t\t\"children\": [{\n\t\t\t\"name\": \"Before Page Render\",\n\t\t\t\"type\": \"element\",\n\t\t\t\"value\": \"bpr\",\n\t\t\t\"prevent_delete\": true,\n\t\t\t\"cascades\": false,\n\t\t\t\"children\": []\n\t\t}, {\n\t\t\t\"name\": \"Page Header\",\n\t\t\t\"type\": \"element\",\n\t\t\t\"value\": \"ph\",\n\t\t\t\"prevent_delete\": true,\n\t\t\t\"children\": [],\n\t\t\t\"cascades\": false,\n\t\t\t\"values\": {\n\t\t\t\t\"localStyles\": \"mainPanel: {     [\\\"@media (min-width:960px)\\\"]: {       backgroundColor: \\\"#56baec\\\",       width: \\\"100%\\\",       flexGrow: 1,     },   },   loginHolder: { margin: \\\"5rem auto 0\\\", width: \\\"30vw\\\", textAlign: \\\"center\\\" },   loginArea: {     position: \\\"relative\\\",     background: \\\"white\\\",     padding: \\\"4rem 3rem 2rem\\\",     borderRadius: \\\"0.5rem\\\",     marginBottom: \\\"1rem\\\",     boxSizing: \\\"border-box\\\",     boxShadow: \\\"0px 3px 20px 5px #00000030\\\",   },   loginTitle: {     textTransform: \\\"uppercase\\\",     fontSize: \\\"1.2rem\\\",     letterSpacing: \\\"0.1rem\\\",     color: \\\"#3084af\\\",   },   image: {     width: \\\"5rem\\\",     position: \\\"absolute\\\",     top: \\\"-2.5rem\\\",     left: \\\"calc(15vw - (2.5rem + 2.5px))\\\",     border: \\\"5px solid white\\\",     borderRadius: \\\"5rem\\\",   },\"\n\t\t\t}\n\t\t}, {\n\t\t\t\"name\": \"Body\",\n\t\t\t\"type\": \"element\",\n\t\t\t\"value\": \"b\",\n\t\t\t\"prevent_delete\": true,\n\t\t\t\"cascades\": false,\n\t\t\t\"children\": [{\n\t\t\t\t\"name\": \"div\",\n\t\t\t\t\"prevent_delete\": false,\n\t\t\t\t\"cascades\": false,\n\t\t\t\t\"children\": [{\n\t\t\t\t\t\"name\": \"div\",\n\t\t\t\t\t\"prevent_delete\": false,\n\t\t\t\t\t\"cascades\": false,\n\t\t\t\t\t\"children\": [{\n\t\t\t\t\t\t\"name\": \"text\",\n\t\t\t\t\t\t\"prevent_delete\": false,\n\t\t\t\t\t\t\"cascades\": false,\n\t\t\t\t\t\t\"children\": [],\n\t\t\t\t\t\t\"type\": \"element\",\n\t\t\t\t\t\t\"value\": \"text\",\n\t\t\t\t\t\t\"values\": {\n\t\t\t\t\t\t\t\"Content\": \"<p className={classes.loginTitle}>Reset your password</p><img  className={classes.image} src='/api/images/user.svg' />\"\n\t\t\t\t\t\t}\n\t\t\t\t\t}, {\n\t\t\t\t\t\t\"name\": \"field\",\n\t\t\t\t\t\t\"prevent_delete\": false,\n\t\t\t\t\t\t\"cascades\": false,\n\t\t\t\t\t\t\"children\": [],\n\t\t\t\t\t\t\"type\": \"element\",\n\t\t\t\t\t\t\"value\": \"field\",\n\t\t\t\t\t\t\"values\": {\n\t\t\t\t\t\t\t\"Field\": userTable.fields[0].unique_id,\n\t\t\t\t\t\t\t\"Type\": \"edit\"\n\t\t\t\t\t\t}\n\t\t\t\t\t}, {\n\t\t\t\t\t\t\"name\": \"button\",\n\t\t\t\t\t\t\"prevent_delete\": false,\n\t\t\t\t\t\t\"cascades\": false,\n\t\t\t\t\t\t\"children\": [],\n\t\t\t\t\t\t\"type\": \"element\",\n\t\t\t\t\t\t\"value\": \"button\",\n\t\t\t\t\t\t\"values\": {\n\t\t\t\t\t\t\t\"ButtonText\": \"Reset!\"\n\t\t\t\t\t\t}\n\t\t\t\t\t}],\n\t\t\t\t\t\"type\": \"element\",\n\t\t\t\t\t\"value\": \"div\",\n\t\t\t\t\t\"values\": {\n\t\t\t\t\t\t\"class\": \"classes.loginArea\"\n\t\t\t\t\t}\n\t\t\t\t}, {\n\t\t\t\t\t\"name\": \"text\",\n\t\t\t\t\t\"prevent_delete\": false,\n\t\t\t\t\t\"cascades\": false,\n\t\t\t\t\t\"children\": [],\n\t\t\t\t\t\"type\": \"element\",\n\t\t\t\t\t\"value\": \"text\",\n\t\t\t\t\t\"values\": {\n\t\t\t\t\t\t\"Content\": \"Go back to &nbsp;\"\n\t\t\t\t\t}\n\t\t\t\t}, {\n\t\t\t\t\t\"name\": \"Link\",\n\t\t\t\t\t\"prevent_delete\": false,\n\t\t\t\t\t\"cascades\": false,\n\t\t\t\t\t\"children\": [],\n\t\t\t\t\t\"type\": \"element\",\n\t\t\t\t\t\"value\": \"Link\",\n\t\t\t\t\t\"values\": {\n\t\t\t\t\t\t\"innerText\": \"Login\",\n\t\t\t\t\t\t\"destination\": \"/Login\"\n\t\t\t\t\t}\n\t\t\t\t}],\n\t\t\t\t\"type\": \"element\",\n\t\t\t\t\"value\": \"div\",\n\t\t\t\t\"values\": {\n\t\t\t\t\t\"class\": \"classes.loginHolder\"\n\t\t\t\t}\n\t\t\t}]\n\t\t}, {\n\t\t\t\"name\": \"Page Footer\",\n\t\t\t\"type\": \"element\",\n\t\t\t\"value\": \"pf\",\n\t\t\t\"prevent_delete\": true,\n\t\t\t\"cascades\": false,\n\t\t\t\"children\": []\n\t\t}, {\n\t\t\t\"name\": \"After Page Render\",\n\t\t\t\"type\": \"element\",\n\t\t\t\"value\": \"apr\",\n\t\t\t\"prevent_delete\": true,\n\t\t\t\"cascades\": false,\n\t\t\t\"children\": []\n\t\t}],\n\t\t\"path\": \"/forgot\",\n\t\t\"filename\": \"forgot.tsx\"\n\t}],\n\t\"path\": \"\",\n\t\"filename\": \"\"\n}\n\nconst secureZone = {\n\t\"name\": \"Restricted Zone\",\n\t\"type\": \"page\",\n\t\"children\": [{\n\t\t\"name\": \"Before Page Render\",\n\t\t\"type\": \"element\",\n\t\t\"value\": \"bpr\",\n\t\t\"prevent_delete\": true,\n\t\t\"cascades\": false,\n\t\t\"children\": [{\n\t\t\t\"name\": \"code\",\n\t\t\t\"prevent_delete\": false,\n\t\t\t\"cascades\": true,\n\t\t\t\"children\": [],\n\t\t\t\"type\": \"element\",\n\t\t\t\"value\": \"code\",\n\t\t\t\"values\": {\n\t\t\t\t\"code\": \"import authHeaders from '../services/auth-header'\"\n\t\t\t}\n\t\t}]\n\t}, {\n\t\t\"name\": \"Page Header\",\n\t\t\"type\": \"element\",\n\t\t\"value\": \"ph\",\n\t\t\"prevent_delete\": true,\n\t\t\"children\": [{\n\t\t\t\"name\": \"code\",\n\t\t\t\"prevent_delete\": false,\n\t\t\t\"cascades\": true,\n\t\t\t\"children\": [],\n\t\t\t\"type\": \"element\",\n\t\t\t\"value\": \"code\",\n\t\t\t\"values\": {\n\t\t\t\t\"code\": \"if (!authHeaders()) { \\n    props.history.push(\\\"/Login\\\")\\n  }\"\n\t\t\t}\n\t\t}],\n\t\t\"cascades\": false\n\t}, {\n\t\t\"name\": \"Body\",\n\t\t\"type\": \"element\",\n\t\t\"value\": \"b\",\n\t\t\"prevent_delete\": true,\n\t\t\"cascades\": false,\n\t\t\"children\": []\n\t}, {\n\t\t\"name\": \"Page Footer\",\n\t\t\"type\": \"element\",\n\t\t\"value\": \"pf\",\n\t\t\"prevent_delete\": true,\n\t\t\"cascades\": false,\n\t\t\"children\": []\n\t}, {\n\t\t\"name\": \"After Page Render\",\n\t\t\"type\": \"element\",\n\t\t\"value\": \"apr\",\n\t\t\"prevent_delete\": true,\n\t\t\"cascades\": false,\n\t\t\"children\": []\n\t}, {\n\t\t\"name\": \"Admin Dashboard\",\n\t\t\"type\": \"page\",\n\t\t\"path\": \"/admin\",\n\t\t\"filename\": \"admindashboard.tsx\",\n\t\t\"prevent_delete\": false,\n\t\t\"children\": [{\n\t\t\t\"name\": \"Before Page Render\",\n\t\t\t\"type\": \"element\",\n\t\t\t\"value\": \"bpr\",\n\t\t\t\"prevent_delete\": true,\n\t\t\t\"cascades\": false,\n\t\t\t\"children\": []\n\t\t}, {\n\t\t\t\"name\": \"Page Header\",\n\t\t\t\"type\": \"element\",\n\t\t\t\"value\": \"ph\",\n\t\t\t\"prevent_delete\": true,\n\t\t\t\"cascades\": false,\n\t\t\t\"children\": []\n\t\t}, {\n\t\t\t\"name\": \"Body\",\n\t\t\t\"type\": \"element\",\n\t\t\t\"value\": \"b\",\n\t\t\t\"prevent_delete\": true,\n\t\t\t\"children\": [{\n\t\t\t\t\"name\": \"HTML Code\",\n\t\t\t\t\"type\": \"element\",\n\t\t\t\t\"value\": \"html\",\n\t\t\t\t\"prevent_delete\": false,\n\t\t\t\t\"cascades\": false,\n\t\t\t\t\"canhavechildren\": \"true\",\n\t\t\t\t\"children\": [],\n\t\t\t\t\"values\": {\n\t\t\t\t\t\"html\": \"<h1>Index page for your application</h1>\"\n\t\t\t\t}\n\t\t\t}, {\n\t\t\t\t\"name\": \"autolinking\",\n\t\t\t\t\"prevent_delete\": false,\n\t\t\t\t\"cascades\": false,\n\t\t\t\t\"children\": [],\n\t\t\t\t\"type\": \"element\",\n\t\t\t\t\"value\": \"autolinking\"\n\t\t\t}],\n\t\t\t\"cascades\": false\n\t\t}, {\n\t\t\t\"name\": \"Page Footer\",\n\t\t\t\"type\": \"element\",\n\t\t\t\"value\": \"pf\",\n\t\t\t\"prevent_delete\": true,\n\t\t\t\"cascades\": false,\n\t\t\t\"children\": []\n\t\t}, {\n\t\t\t\"name\": \"After Page Render\",\n\t\t\t\"type\": \"element\",\n\t\t\t\"value\": \"apr\",\n\t\t\t\"prevent_delete\": true,\n\t\t\t\"cascades\": false,\n\t\t\t\"children\": []\n\t\t}]\n\t}],\n\t\"path\": \"\",\n\t\"filename\": \"\"\n}\n\nApplication.pages[0].children.push(dmz)\nApplication.pages[0].children.push(secureZone)\n\nreturn Application","desc":"Allows to quickly add authentication to your application","initScript":"Parameters.table_unique_id = aptugo.generateID()\n\nconst newTable = {\n\t\"unique_id\": Parameters.table_unique_id,\n\t\"type\": \"table\",\n\t\"name\": Parameters[\"User Table\"],\n\t\"singleName\": \"single\" + Parameters[\"User Table\"],\n\t\"subtype\": \"Aptugo\",\n\t\"children\": [],\n\t\"fields\": [{\n\t\t\"column_name\": \"Email\",\n\t\t\"data_type\": \"String\"\n\t}, {\n\t\t\"data_type\": \"Password\",\n\t\t\"column_name\": \"Password\"\n\t}, {\n\t\t\"data_type\": \"String\",\n\t\t\"column_name\": \"Name\"\n\t}],\n\t\"beforeCreate\": \"const response = userService.jwtVerify(req.headers.authorization)\\nif (response.error) res.status(401).json(response)\\nif (req.body.Password) req.body.Password = userService.cryptPassword(req.body.Password)\",\n\t\"beforeUpdate\": \"const response = userService.jwtVerify(req.headers.authorization)\\nif (response.error) res.status(401).json(response)\\nif (req.body.Password) req.body.Password = userService.cryptPassword(req.body.Password)\",\n\t\"extraRoutes\": \"// Authenticate User\\n  app.post(\\\"/api/users/authenticate\\\", function (req, res) {\\n    userService.authenticate(req.body)\\n      .then(user => {\\n        res.json(user)\\n      })\\n      .catch(next => {\\n        console.log(next)\\n      })\\n    }\\n  )\",\n\t\"extraModules\": \"const userService = require('../services/users.service')\"\n}\n\nif (!Application.tables) Application.tables = []\nApplication.tables.push(newTable)\n\n\nreturn Application","name":"User Authentication","post_initScript":"aptugo.structures.run('autocreatepages', { unique_id: Parameters.table_unique_id })\nreturn Application"}