{"_id":"oefy4TrgXSvrR0tt","name":"New Page","desc":"","icon":"","type":"structure","parameters":"","afterRun":"","initScript":"\nconst newPage = {\n    name: 'Untitled',\n    type: 'page',\n    children: [\n        {\n            \"name\": \"Before Page Render\",\n            \"type\": \"element\",\n            \"value\": \"bpr\",\n            \"prevent_delete\": true,\n            \"cascades\": false,\n            \"children\": []\n        }, {\n            \"name\": \"Page Header\",\n            \"type\": \"element\",\n            \"value\": \"ph\",\n            \"prevent_delete\": true,\n            \"children\": [],\n            \"cascades\": false\n        }, {\n            \"name\": \"Body\",\n            \"type\": \"element\",\n            \"value\": \"b\",\n            \"prevent_delete\": true,\n            \"cascades\": false,\n            \"children\": []\n        }, {\n            \"name\": \"Page Footer\",\n            \"type\": \"element\",\n            \"value\": \"pf\",\n            \"prevent_delete\": true,\n            \"cascades\": false,\n            \"children\": []\n        }, {\n            \"name\": \"After Page Render\",\n            \"type\": \"element\",\n            \"value\": \"apr\",\n            \"prevent_delete\": true,\n            \"cascades\": false,\n            \"children\": []\n        }\n    ]\n}\n            \nApplication.pages.push(newPage)\nreturn Application","code":"","post_initScript":""}